variant	main
celapattikaṃ	celapaṭikaṃ
savibhattesu	saṃvibhattesu
oramattha	oramiya
dūrasaddā	durāsadā
kumāraṇḍupi	kuṇḍañhi
aṭṭāvalepanā	addāvalepanā
atthapāgato	papāgato
bahalatthena	balamattena
bhakuṭīṃ	bhākuṭiṃ
carasāti	carasīti
celaṇḍupekena	celaṇḍukena
dheḷhakajātā	dvedhikajātā
gadhīto	gathito
kaṇṭakaṭṭhikaṃ	kaṭiṭṭhikaṃ
kaṇṭakavattampi	kaṇṭakāvāṭampi
khurakāye	khurakāse
pabhivattāni	paṭibhastāni
paccāsiṃ	paccāsīsamānarūpo
paladdho	paluddho
pāṇamatimāpayato	pāṇamatipātayato
pāṇamatipāpayato	pāṇamatipātayato
paṇḍumuṭīkassa	paṇḍupuṭakassa
paricce	pariye
paṭisandharati	paṭisantharati
paṭisandhāre	paṭisanthāre
rattimuṭṭhānadessinā	rattinuṭṭhānadassinā
ravatthe	davatte
rūpāramaṇaṃ	rūpārammaṇaṃ
saṃghāṭīkatte	saṅghāṭikattameva
samūpabbūḷho	samupabyūḷho
sannadvārā	sadvārā
sāravano	sārūpamo
sasaṅkhāraniggayhavārivāvato	sasaṅkhāraniggayhavāritagato
sosindo	sosinno
sosino	sosinno
ūhanīti	ūhaññīti
vākhittaṃ	vājitaṃ
vekurañjāya	kuṇḍañhi
viyavajjena	peyyavajjena
sāviyogā	sāciyogā
baliyañca	vaṇṇiyañca
sagataṃ	svāgataṃ
valiyañca	vaṇṇiyañca
adhipakkantā	avipakkantā
aṃnvabhi	anvabhi
amūḷhapañhassa	amūḷhapaññassa
annatthitassa	annaṭṭhikassa
asādiyimhase	āsādimhase
atipāpeti	atipāteti
āyuvaṇṇādipariyānikathā	āyuvaṇṇādiparihānikathā
bhedaṇḍakaṃyeva	bheraṇḍakaṃyeva
bhiṅge	bheke
celāvikāpi	velāsikāpi
chādhikā	sādhikā
corakāni	dhorakāni
ekatiṃ	ekatiṃse kappe
guḷagāḷakāni	guḷavālakāni
hāsupañño	hāsapañño
iddhivisevitāya	iddhivisavitāya
jijigiṃsanako	nijigīsanako
kaṇḍakaṭṭhikaṃ	khandhaṭṭhikaṃ
keḷāyikāpi	velāsikāpi
mūlaghacchaṃ	mūlaghaccaṃ
mutoli	putoḷi
paccuṭṭhassanti	paccuṭṭhissanti
padosiyimhā	padūsimhā
pāmuñjasā	samojasā
parihiṃsatthāya	barihisatthāya
pitantaraṃso	citantaraṃso
sakappo	ekatiṃse kappe
sampajjasā	samojasā
saṃsabbati	saṃsappati
sanantica	sanantanaṃ
sāravanaṃ	saravanaṃ
siṅghasotāya	sīghasotāya
suppaṭṭitaṃ	subbaṭṭitaṃ
tarojigucchaṃsārodā	tapojigucchāvādā
thorakāni	dhorakāni
uhacca	ūhacca
upasantapatiso	upasantapadisso
uruddā	urundā
uttamapamukkhatāya	uttamappamukhatāya
uttamasukhatāya	uttamappamukhatāya
vedhamissakena	veṭhamissakena
veghamissakena	veṭhamissakena
vekhamissakena	veṭhamissakena
vigāyāma	viyāyāma
visācitaṃ	visāci
visāvi	visāci
vissukammante	visukammante
vissutakammante	visukammante
vitāyāma	viyāyāma
vivekajapītisukhasukhuma	vivekajapītisukhasukhumasaccasaññā
viyāyamāma	byāyāma
abbhūṇheyya	abbuheyya
abbhūṇhanahetu	abbuhanahetu
abbhūṇhi	abbuhi
aviciṇṇaṃ	adhiciṇṇaṃ
bhāsitaparikantaṃ	bhāsitaparikkantaṃ
chaddeyya	chaḍḍeyya
evamādi	evaṃmānī
atthasamānaṃ	atathaṃ samānaṃ
vaṇassāropīti	vaṇasāropīti
āsiviso	āsīviso
gaṇakamoggalāno	gaṇakamoggallāno
issatte	issatthe
appaṭibandho	appaṭibaddho
virāgutaṃ	virāgunaṃ
kiñcakkhahetu	āmisakiñcikkhahetu
vayabhiññā	vassabhaññā
vikkhitāni	vikkhittāni
piṭṭhikaṇḍakaṃ	piṭṭhiṭṭhikaṃ
ubhantarapaṭodo	odhastapatodo
acchira	acchidaṃ
asammusā	asammuccā
bhitāro	nijigīṃsitāro
dukkhudayaṃ	dukkhudrayaṃ
dukkhundrayaṃ	dukkhudrayaṃ
nicchādeyya	nipphoṭeyya
niccoṭeyya	nipphoṭeyya
ophāresi	upphālesi
palikuṇṭhitvā	palikujjitvā
paṇḍumudikassa	paṇḍupuṭakassa
khārāpaṭicchakampi	khārāpatacchikampi
palālapiṭṭhakampi	palālapīṭhakampi
addhubandhaṃ	adhibandhaṃ
balisamaṃsikampi	baḷisamaṃsikampi
ogahetvā	ogāhitvā
soḷasaṅgulakaṇḍakaṃ	soḷasaṅgulakaṇṭakaṃ
yogācariyānaṃ	yoggācariyānaṃ
kumbhakāranivesane	kumbhakārāvesane
ūrūndaṃ	urundaṃ
urūddhaṃ	urundaṃ
tiṇasantharikaṃ	tiṇasanthārakaṃ
ājānāmā	ājānāmātissa
vilimaṃ	vilimaṃsaṃ
īsakaphaṇe	īsakaṃpoṇe
divasasantette	divasaṃsantatte
paṭipāpeti	paṭivāpeti
sammusā	sammuccā
saṃpuṭīto	saṃphuṭito
sannahi	sannayhi
sapuṭā	pavuṭā
sobhanagarakaṃ	sobhanakaṃ
sobhanagharakaṃ	sobhanakaṃ
ubbayena	abbhayena
uhananti	ūhananti
upaccumbheyya	upasumbheyya
vaṇḍapaṭibaddhāni	vaṇṭapaṭibandhāni
dveḷhakajātā	dvedhikajātā
uppaṭṭethāti	ubbaṭṭethāti
maññītaṃ	maññataṃ
sasaṅkhāraniggayhavāritavataṃ	sasaṅkhāraniggayhavāritagataṃ
sasaṅkhāraniggayhavārivāvataṃ	sasaṅkhāraniggayhavāritagataṃ
saṃkhittamattaṃ	saṃkhittamatthaṃ
vasamaddhagū	vasamanvagū
abbhussukkamāno	abbhussakkamāno
sagāravenāpi	sahācaritena
vājapeyyuṃ	vājapeyyaṃ
ohayissāmi	osāpayissāmi
nikkhīpagāminaṃ	nikkhippagāminaṃ
samupabbuḷho	samupabyūḷho
samajjheganti	samajjhaganti
vammani	dhammani
dhammaniṃ	dhammani
jammaniṃ	dhammani
paccagū	baddhagū
dubbhato	dubbhago
dubbhayo	dubbhago
visukāyikāni	visūkāyikāni
kathajjhāyaṃ	kathaṃ jhāyaṃ
kuppatī	kuppati
nassaratī	na sarati
sahassāna	sahassānaṃ
dudhārī	kuṭhārī
vilaṅgikabhāradvājo	bilaṅgikabhāradvājo
udīriyi	udīrayi
ummaggasataṃ	ummaggapathaṃ
paṃsukuṇḍito	paṃsukunthito
māgato	vāsāyāḷavimāgamā
adrubbhāya	adubbhāya
sobhino	sobhano
assavaṇijā	assavāṇijā
patthapatthamūlakaṃ	patthapatthapulakaṃ
sampahūlehi	sambahūlehi
chaṭṭetukāmā	chaḍḍetukāmā
opucchāpetvā	opuñjāpetvā
vīriyārabbhassa	vīriyārambhassa
sādayati	sādiyati
indakhile	indakhīle
sammacārino	samacārino
rājaggaṃ	rājagghaṃ
bhendiṃ	bheṇḍiṃ
kuladhītāyo	kuladhītaro
dārudhitalikāya	dārudhītalikāya
pariyosāvāpeti	pariyosāpeti
byābāhissantīti	byābādhissantīti
ussaritā	ussāritā
vigaṇetvā	gaṇetvā
asaṅkacchikā	asaṅkaccikā
avassikasaṃkete	avassikasaṅkete
kumbhathuṇikānampi	kumbhathūṇikānampi
pīṭhasaṃghāṭassa	piṭṭhasaṅghāṭassa
sayanīghare	sayanighare
vīṭhe	vidhe
vīthe	vidhe
takkasīlāyaṃ	takkasilāyaṃ
mettiyabhūmmajakā	mettiyabhūmajakā
babbajamayaṃ	pabbajamayaṃ
kotthaḷikāya	kotthaḷiyā
saṃsumāragire	suṃsumāragire
sammanati	sammannati
pallattikāya	pallatthikāya
samatitthikaṃ	samatittikaṃ
sokavassaṃ	sokāvāsaṃ
sokāvassaṃ	sokāvāsaṃ
adhippāyaso	adhippayāso
apadhāvissati	upadhāvissati
yaṃpaccayāya	yaṃpaccayāssa
paṭiviseyya	paṭisisseyya
paliṃkhaṇeyya	palikhaṇeyya
palisanneyya	palimajjeyya
palisajjeyya	palimajjeyya
palipaṭṭheyya	palimajjeyya
palisandeyya	palimajjeyya
palibandheyya	palimajjeyya
guḷīguṇṭhikajātā	kulagaṇṭhikajātā
muñjababbajabhūtā	muñjapabbajabhūtā
anitthiṇṇo	anittiṇṇo
maṭṭhaloṇikāya	bhaṭṭhaloṇikāya
brāhmaññatthaṃ	brahmaññatthaṃ
pasandaṃ	passandaṃ
pāṭheyyakā	pāveyyakā
appagabbā	appagabbhā
verambā	verambhā
sāriputtamoggalānā	sāriputtamoggallānā
vibhajenti	virājenti
sukumālā	sukhumālā
abbhūhetvā	abbuhetvā
diṭṭhagatena	diddhagatena
sañjabbharimakaṃsūti	sañjambharimakaṃsūti
sandhavāni	santhavāni
sandhavajāto	santhavajāto
taṇhamabbhuyha	taṇhamabbuyha
abbhuyha	abbuyha
thāmase	thāmasā
rūpupāyaṃ	rūpupayaṃ
mocantā	cajamānā
rūpatthāya	rūpattāya
abhisaṅkhāyi	abhisaṅkhāsi
kammattānaṃ	kathamattānaṃ
samañcosi	samadhosi
samañcopi	samadhosi
akukkajātaṃ	akukkukajātaṃ
akusajātaṃ	akukkukajātaṃ
akukkujakajātaṃ	akukkukajātaṃ
bubbulūpamā	bubbuḷūpamā
kādalimigapavarapaccattharaṇāni	kadalimigapavarapaccattharaṇāni
gaddūlabandho	gaddulabaddho
pavudhā	pavuṭā
nuyogā	dūteyyapahiṇagamanānuyogāya
nuyogena	dūteyyapahiṇagamanānuyogāya
vipariyādikatena	vimariyādīkatena
anassasiṃ	anassasaṃ
anassāsaṃ	anassasaṃ
anassāsiṃ	anassasaṃ
samatesi	samadhosi
kulaguṇḍikajātā	kulagaṇṭhikajātā
guṇaguṇikajātā	kulagaṇṭhikajātā
kulāguṇḍikajātā	kulagaṇṭhikajātā
abhindeyya	ābhindeyya
akukkuṭakajātaṃ	akukkukajātaṃ
akukkajaṭajātaṃ	akukkukajātaṃ
vinibbhajjeyya	vinibbhujeyya
odhatapatodo	odhastapatodo
odhasatapatodo	odhastapatodo
sevanatthāya	rohanatthāya
ojīrakajāto	ocīrakajāto
odīrakajāto	ocīrakajāto
samanesati	samanvesati
asucigāmakaṇḍato	kaṇṭako
adhippāyoso	adhippayāso
saṅkhattā	saṅghaṭṭana
saṅghattā	saṅghaṭṭana
baḷībaddassa	balībaddassa
abbhasaṃbilāpo	abbhasampilāpo
abbhasaṃvilāpo	abbhasampilāpo
kuṭṭhitaṃ	kuthitaṃ
vigāyissati	virodhayissati
bahupadā	bahuppadā
candimāpabhāya	candimappabhāya
mūlacchinde	mūlacchinno
bhāvanāparipūriṃ	bhāvanāpāripūriṃ
vettabandhanabandhāya	vettabandhanabaddha
pariyātāya	pariyādāya
ārāmaniyādī	ārāmanissayī
vipphaliguhāyaṃ	pippaliguhāyaṃ
uddhattaṃ	uddhataṃ
pakkudhito	pakkuthito
avacamānā	asaṃvadamānā
avādamānā	asaṃvadamānā
veḷamissakena	veḷumissakena
vegamissakena	veḷumissakena
daḷhaddhāpaṃ	daḷhuddhāpaṃ
jātikkhayantadassī	jātikhayantadassī
mahābhiññātaṃ	mahābhiññataṃ
saṃghaṭṭanāsamodhānā	saṅghaṭṭanasamodhānā
saṃghaṭanasamodhānā	saṅghaṭṭanasamodhānā
ajjhaparaṃ	accayāsi
mallikesu	mallesu
vīriyasamādhi	vīriyasamādhipadhānasaṅkhārasamannāgata
paṭihacca	paṭikacca
ānāpānasati	ānāpānassati
asukhāpassayitāni	asukhasayitāni
sajjattharaṇassa	paccattharaṇassa
aciṇṇaṃ	adhiciṇṇaṃ
dukkhanirodhagāminipaṭipadaṃ	dukkhanirodhagāminiṃ paṭipadaṃ
taṇhāsaṃyojanabandhā	taṇhāsaṃyojanā
bhisamūlālaṃ	bhisamuḷālaṃ
vinītagatena	vinipātagatena
bījagāmabhūtagāmasamārabbhā	bījagāmabhūtagāmasamārambhā
itthikumārikāpaṭiggahaṇā	itthikumārikapaṭiggahaṇā
dāsīdāsapaṭiggahaṇā	dāsidāsapaṭiggahaṇā
hatthigavassavaḷavāpaṭiggahaṇā	hatthigavassavaḷavapaṭiggahaṇā
dūteyyapahinagamanānuyogā	dūteyyapahiṇagamanānuyogā
ukkoṭanavañcananikatisāviyogā	ukkoṭanavañcananikatisāciyogā
pokhānupokhaṃ	poṅkhānupoṅkhaṃ
thapentīti	ṭhapentīti
aññātakoṇḍaññoti	aññāsikoṇḍañño
surebandho	sūrambaṭṭho
khāṇukaṇḍakadhānaṃ	khāṇukaṇṭakaṭṭhānaṃ
araññakattaṃ	āraññikattaṃ
asamatthapaññatāya	asāmantapaññatāya
asamattapaññatāya	asāmantapaññatāya
asamantapaññatāya	asāmantapaññatāya
hāsupaññatāya	hāsapaññatā
palālapiṭṭhikampi	palālapīṭhakampi
pahūtarattaratanāya	pahūtasattaratanāya
kāmarāgavinivesavinibaddha	kāmarāgābhinivesavinibandha
sañcāyanti	saṅkasāyanti
paṭivāhanti	paṭibāhanti
paṭisandhārā	paṭisanthārā
abhinibbijja	abhinibbijjha
pabhaṃkaro	pabhaṅkaro
pabhāti	pabhāvī
diṭṭhappatto	diṭṭhippatto
ḍassati	ḍaṃsati
kādalimigapavarapaccattharaṇo	kadalimigapavarapaccattharaṇo
khallitasiraṃ	khalitasiraṃ
ādīvito	āditto
sañcumbharimakaṃsu	sañjambharimakaṃsu
bhedaṇḍakaṃ	bheraṇḍakaṃyeva
pussakaravitaṃ	purisakaravitaṃ
thapanīyaṃ	ṭhapanīyaṃ
thapeti	ṭhapeti
aññavāde	aññātavāde
aññātavāre	aññātavāde
sasammohaṃ	sampamohaṃ
ariyādikā	ariyacaritā
adhippāyāso	adhippayāso
adhippāyo	adhippayāso
pahūtarattaratanānaṃ	pahūtasattaratanānaṃ
taggaramallikā	tagaramallikā
sumattikataṃ	sumatikataṃ
avañcuvanevāhaṃ	avañjhāni tvevāhaṃ
uppattindriyo	guttindriyo
saṃsuddhacāraṇaṃ	saṃsuddhacārinaṃ
kussumbhe	kusobbhe
kusumbhe	kusobbhe
suvaṇṇajātarūpakāvasissanti	suvaṇṇasikatāvasissanti
sasaṅkhāraniggayhavāritavato	sasaṅkhāraniggayhavāritagato
tittisambhavaṃ	tittimajjhagā
goyogamilakkhasmiṃ	goyogapilakkhasmiṃ
yāvatajjhāvinītā	yāvatāvinītā
paṇidhiyo	paṇīdhi
labhatatthe	labhantatthe
kaṇhabhakkhopi	kaṇabhakkhopi
garahīya	yamariyagarahī
vādapathābhivattinaṃ	vādapathātivattaṃ
samādāpako	samādapako
koḷiko	kāḷako
anaṇyako	ānaṇyako
dhopeyya	dhoveyya
kammasaccāyī	kammasaccāyaṃ
nupalimpati	nupalippati
nupalimpāmi	nupalippāmi
asaddhāya	assaddhiye
paṭisseneti	paṭiseneti
phāsattaṃ	phāsukaṃ
vāsatthaṃ	phāsukaṃ
āpātadaso	āpāthadaso
sammiñjaye	samiñjaye
tāditamhā	tādimhā
antimadhārito	antimasārīro
sappatiṭṭhānaṃ	kamatiṭṭhānaṃ
ukkānatthamevāti	uttānatthamevāti
kathamassāhaṃ	kimassāhaṃ
saṅgāhabalaṃ	saṅgahabalaṃ
rāgavepullataṃ	rāgavepullattaṃ
rāgatanuttanaṃ	rāgatanuttaṃ
lasagatena	lepagatena
piyārittaṃ	phiyārittaṃ
kulāguṇṭhikajāto	gulāguṇṭhikajāto
attantāpo	attantapo
guṇāguṇṭhikajāto	gulāguṇṭhikajāto
sasaṅkhāraniggayhavāritappatitoti	saṅkhāraniggayhavāritagatoti
sasaṅkhāraniggayhavāritapattoti	saṅkhāraniggayhavāritagatoti
sasaṅkhāraniggayhavārivāvaṭoti	saṅkhāraniggayhavāritagatoti
paccayaṃsena	paccaṃsena
paccattaṃsena	paccaṃsena
sākhāpattabahupeto	sākhāpattaphalūpeto
sālipupphakaṃ	sālapupphakaṃ
sokārakkhaṃ	kosārakkhaṃ
hārahāriṇī	hārahārī
bhīyyobhāvāya	bhiyyobhāvo
āsadde	āsīde
apānutā	apānubhā
pahīnakāni	paheṇakāni
pahīṇakāni	paheṇakāni
bahulimakāsiṃ	bahulīkāsiṃ
rāgāyitomhi	rāgapariyuṭṭhitomhi
nimittiko	nemittiko
nimittako	nemittiko
bhikkhuṃsaṃgho	bhikkhu saṅghe
āvoca	avoca
asandhavavissāsī	asanthavavissāsī
viyatthupasevī	vissaṭṭhupasevī
byatthupasevī	vissaṭṭhupasevī
vyattūpasevī	vissaṭṭhupasevī
sūpaṭṭhitacitto	suppatiṭṭhitacitto
vihanīto	vihānito
ādiyyamukho	ādeyyamukho
adhimuccito	adhimuccitā
ārabbhajā	ārambhajā
ārabhajā	ārambhajā
acittikatvā	acittīkatvā
acitiṃ	acittiṃ
apaviṭṭaṃ	apaviddhaṃ
catuguṇḍiko	catukkuṇḍiko
momuhattā	momūhattā
upadahitabbo	upadahātabbo
upāsakapuṇḍarīko	upāsakapuṇḍarīkañca
āraññatā	āraññikā
kodhāraṃ	komārabrahmacariyaṃ
nīyyādetvā	niyyādetvā
nīyādetvā	niyyādetvā
māṇavakī	māṇavikā
nipakasatino	nipakkasatino
nepakkasatino	nipakkasatino
ussurakajāto	ussadakajāto
ummijāto	ūmijāto
karaṇapālī	kāraṇapālī
khudhāti	khuddaṃ
pariyonaddhanti	pariyonandhati
pariyonaddhati	pariyonandhati
chinnaparibandho	chinnaparipantho
saṅgaṇikāpavaddhano	saṅgaṇikāpavaḍḍhano
saṅgaṇikārāmabaddhano	saṅgaṇikāpavaḍḍhano
catuko	catukko
paṭikkiṭṭhaṃ	patikiṭṭhaṃ
sammanitabbo	sammannitabbo
svāsīsado	svāsīdo
saṇṭharituṃ	sandharituṃ
nisāraṇīyaṃ	nissāraṇīyaṃ
piṭṭhikaṇḍakaṭṭhikaṃ	piṭṭhikaṇḍakaṃ
paṭisandhāragāravatā	paṭisanthāragāravatā
mahāturiya	mahātūriya
bruhantaṃ	brahantaṃ
ajjhattupasamāhito	ajjhattaṃ susamāhito
pettayyo	petteyyo
kālagataṃ	kālābhataṃ
moliyasīvako	moḷiyasīvako
moḷisīvako	moḷiyasīvako
nicchādeti	nipphoṭeti
kuddarājāno	kuḍḍarājāno, khuddarājāno
atīradassaniyā	atīradakkhiṇiyā
kāmasaṃyojanātitā	kāmasaṃyojanātigā
āpātaṃ	āpāthaṃ
vimutañca	vippamuttaṃ
pheggunassa	phaggunassa
siriṃsapasamphassānaṃ	ḍaṃsamakasavātātapasarīsapasamphassānaṃ
rattipaccūsasamaye	rattiyā paccūsasamayaṃ
vohārapakkāhaṃ	vohāravepakkaṃ
abhimaṭṭheyya	abhimattheyya
anantariyakammaṃ	ānantariyakammaṃ
anavatthi	anavatthita
santharituṃ	sandharitun
santharitunti	sandharitunti
chaṭṭitaṃ	chaḍḍitaṃ
ugghānitāpi	ugghātitāpi
vīriyārabbhe	vīriyārambhe
saṃghattherā	saṅghe therā
aparihānīye	aparihāniye
kaṇhasukkasappatibhāgesu	kaṇhasukkasappaṭibhāgesu
ādātukāmo	ādhātukāmo
anusaṇṭhāti	anusandahati
patibandhacitto	patibaddhacitto
cittuppādamattampi	cittuppādampi
aticārittaṃ	aticaritā
parinibbāṇaṃ	parinibbānaṃ
kallavālamuttagāme	kallavāḷaputtagāme
manasikāsi	manasākāsi
paniñjitvā	anumajjitvā
puthabyo	pathabyo
āyasakkhaṃ	āyasakyaṃ
sadasseti	padasseti
gopphakapadesesu	gopadesu
suparikkhittaṃ	suparikkhataṃ
gambhīranemi	gambhīranemā
kosakajāto	korakajāto
aṅgulapadāni	aṅgulipadāni
aṅgulapadaṃ	aṅgulipadaṃ
vettabandhāya	vettabandhanabaddhāya
udakapupphuḷaṃ	udakabubbuḷaṃ
tharati	āvattati
sottiko	sottiyo
sotthiko	sottiyo
nahātatto	nhātattā
nissuttattā	nissutattā
anabhibhūyya	anabhibhuyya
abhibhūyya	abhibhuyya
vessavaṇṇo	vessavaṇo
voparaputto	paraputto
phusayamānassa	phuṇamānassa
punamānassa	phuṇamānassa
abhinibbijjayetha	abhinibbajjayātha
karaṇḍavaṃ	kāraṇḍavaṃ
mukhāṭhānaṃ	mukhādhānaṃ
byādhati	byathati
uggahavādinaṃ	uggavādiniṃ
uggatavādiniṃ	uggavādiniṃ
timiramiṅgalā	timitimiṅgalā
cirantaṃ	cirattaṃ
kādali	kadali
sañjāyantamhi	sampādayantamhi
samaṇakaraṇḍavoti	samaṇakāraṇḍavoti
subandhā	subaddhā
gandhamādhare	gandhamācare
kāsāyavatthanivasanāya	kāsāyavatthavasanāya
samajīvikatā	samajīvitā
ajeṭṭhamaraṇaṃvāyaṃ	ajaddhumārikaṃ vāyaṃ
addhamārakaṃ	ajaddhumārikaṃ
atthūpavarikkhī	atthūpaparikkhitā
ajeṭṭhamaraṇaṃ	ajaddhumārikaṃ
apacittiṃ	acittīkatvā
dukūlasandhanāni	dukūlasandanāni
dukūlasandassanāni	dukūlasandanāni
dukūlasaṇṭhanāni	dukūlasandanāni
dukūlasanthanāni	dukūlasandanāni
gandhohanamattampi	gaddūhanamattampi
gandhūhanamattampi	gaddūhanamattampi
saṃsāreti	saṃsādeti
āmissasaññā	kāmasaññā
jaṭilagāhiyā	jaṭilavāsikā
jaḍilabhāgikā	jaṭilavāsikā
sasaṅkhāraniggayhavārivāvaṭo	sasaṅkhāraniggayhavāritagato
tālacchātiṃ	tālacchāyaṃ
tālacchādiṃ	tālacchāyaṃ
apayaṃsveva	apayiṃsuyeva
cetokhīlā	cetokhilā
sampayojayeti	sampayojayati
kūṭarājāno	khuddarājāno
gulaghare	kuraraghare
ābhassaravattanikā	ābhassarasaṃvattanikā
piyakarāṇā	piyakaraṇā
garukarāṇā	garukaraṇā
pulavaka	puḷuvaka
galagalāyante	gaḷagaḷāyante
kusombhe	kusobbhe
mahāsombhe	mahāsobbhe
paraṃpurāya	parapurāya
mātugāmūpavicaro	mātugāmopavicāro
andhakapaññā	ammakapaññā
nerasiko	necayiko
visinaṃ	vicinaṃ
paṭisandhārako	paṭisanthārako
tuduppaccekabrahmā	turū paccekabrahmā
niyyāssati	nīyati
niyyaṃssati	nīyati
kvattha	kvettha
abhikkantapaṭikkanto	abhikkantapaṭikkante
piṅgulikaṃ	ciṅgulakaṃ
ciṅkulakaṃ	ciṅgulakaṃ
jānussoṇi	jāṇussoṇi
brahmakusalassāti	brāhmaṇakulassāti 
pavitthāretvā	pattharitvā
sevālamālakā	sevālamālikā
sakālasseva	kālasseva
bhedātā	bhettā
nābhibhoti	nādhibhoti
kabaḷiṃkārabhakkhānaṃ	kabaḷīkārāhārabhakkhānaṃ
paccāmasati	paccāvamati
atthasammāpaṇīdhī	attasammāpaṇidhi
dhammassāvaṇaṃ	dhammassavanaṃ
dhammasavanaṃ	dhammassavanaṃ
pathaviṃsito	pathavissito
sahāvasaddassanasampadāya	sahāvassa dassanasampadāya
paṭhamasmi	paṭhamasmiṃ
yathayaṃ	yathāyaṃ
kayākkayaṃ	kayokayaṃ
manuppadinnavā	bhikkhūnamanuppadinnaṃ
naccodātatāti	nāccodātatāti
kayākayaṃ	kayokayaṃ
sūvaco	suvaco
apamattassa	appamattassa
sandhavaṃ	santhavaṃ
sapupphakāni	papupphakāni
byāsattamānasaṃ	byāsattamanasaṃ
sakubbato	kubbato
sukubbato	kubbato
saṅkhatadhammānaṃ	saṅkhātadhammānaṃ
bhasmāchannova	bhasmacchannova
bhāvamiccheyya	 bhāvanamiccheyy
asantabhāvanamiccheyya	asantaṃ bhāvanamiccheyya
roganiddhaṃ	roganīḷaṃ
abhimantati	abhimatthati
pitīyati	pidhīyati
nibbāṇaṃ	nibbānaṃ
nibbāṇaparamaṃ	nibbānaparamaṃ
bālasaṅgaticārī	bālasaṅgatacārī
yuñjamattānaṃ	appaṭibaddhacitto
appasmi	appampi
ahiṃsakāyā	ahiṃsakā ye
jātijjaraṃ	jātijaraṃ
maṃku	maṅku
sallasanthanaṃ	sallakantanaṃ
sallasatthanaṃ	sallakantanaṃ
asampannasaṅkappamano	saṃsannasaṅkappamano
paṭibandhamanova	paṭibaddhamanova
appaṭibandhacitto	appaṭibaddhacitto
dukkhānupātito	dukkhānupatito
kaṭukappabhedano	kaṭukabhedano
susarati	sumarati
palavetī	plavatī
abhivuḍḍhaṃva	abhivaṭṭhaṃva
dārūjaṃ	dāruja
vitakkūpasameva	vitakkūpasame + eva
paṭisandhāravutyassa	paṭisanthāravutyassa
majjavāni	maddavāni
paccavāni	maddavāni
paṭimāse	paṭimaṃsetha
attamattanā	attanā
sandāmaṃ	sandānaṃ
nirāsakaṃ	nirāsāsaṃ
ṭhārasa	soḷasa
huhuṅkajātiko	huṃhuṅkajātiko
nihuhuṅko	nihuṃhuṅko
simbaliguhāyaṃ	pippaliguhāyaṃ
khuddaputtañhi	khuddaputtāmhi
adhipātitvā	adhipatitvā
ucchaditvā	ucchadditvāna
paṭibandharupo	paṭibandhacitto
piyarūpassātagadhitāse	piyarūpassādagadhitāse
kolīyadhītaraṃ	koliyadhītaraṃ
divādivasseyeva	divā divassa
paṇunnakodho	panuṇṇakodho
paccugantvā	paccuggantvā
pavisetvā	pavisitvā
anekasūparasabyañjano	anekarasabyañjano
pilindi	pilindo
ubbilāpā	uppilāvā
samādipito	samādapito
upaccapi	upeccapi
uppaccapi	upeccapi
anāgāmīphalasacchikiriyāya	anāgāmiphalasacchikiriyāya
dakkhiṇapatho	dakkhiṇāpatho
samāsambuddhanti	sammāsambuddhanti
saddāyamānarūpā	sadhāyamānarūpā
pathāyamānarūpā	sadhāyamānarūpā
vadhāyamānarūpā	sadhāyamānarūpā
saddhāyamānarūpā	sadhāyamānarūpā
cūlapanthako	cūḷapanthako
khārīvidhamādāya	khārivividhamādāya
cāriyanti	paricāressantīti
vāṇiṃ	vaṇiṃ
vaṇī	vaṇiṃ
sayaṃkathaṃ	sayaṃkataṃ
achijji	acchecchi
kukuṭā	kukuṭṭhā
sārāṇiyaṃ	sārāṇīyaṃ
pītidahaṃsu	sītibhaviṃsu
sītidahiṃsu	sītibhaviṃsu
kāmakaṇḍako	kāmakaṇṭako
thinamiddhābhibhū	thīnamiddhābhibhū
kukudhā	kukuṭṭhā
kukudhaṃ	kukuṭṭhaṃ
kakutthā	kukuṭṭhā
itthambhāvaññathābhāvaṃ	itthabhāvaññathābhāvaṃ
vimaṃsati	vīmaṃsati
sukhasamudraye	sukhasamuddaye
mettabhāvañca	mettabhāvanā
mettavācañca	mettabhāvanā
mahatthehi	mahattehi
yonissa	yoni cassa
abyāpajjārāmo	abyāpajjhārāmo
abyābajjhārāmo	abyāpajjhārāmo
vesantaraṃ	visantaraṃ
vissantaraṃ	visantaraṃ
mārajahaṃ	mārañjahaṃ
hāsupaññānaṃ	hāsapaññānaṃ
pabhaṅguṇaṃ	pabhaṅguraṃ
nikkaṇhā	vītataṇhā
vācāsuciṃ	 vacīsuciṃ
kāmakaraṇīyo	yathākāmakaraṇīyo
appassutopuññakaro	appassutāpuññakaro
upalimpabhayā	upalepabhayā
virāgikaṃ	virāgunaṃ
saṅgahāni	saṃharāni
apāpurenti	apāpuranti
mocanti	pamocenti
phusseti	phusati
abhilāpāyaṃ	abhisāpoyaṃ
apaduṭṭhamanasaṅkappo	appaduṭṭhamanasaṅkappo
gaharakkhasoti	sagaho sarakkhasoti
jiṇṇamivā	jiṇṇamivattacaṃ
sareruhaṃ	saroruhaṃ
itibbhavābhavatañca	itibhavābhavatañca
utvā	ñatvā
vigatakhīlohamasmi	vigatakhilohamasmi
paccabyattha	paccabyatha
chetva	chetvā
punupeyya	punupessaṃ
sandhave	santhave
vaṃsākaḷīrova	vaṃsakkaḷīrova
vaṃsekaḷīrova	vaṃsakkaḷīrova
saṅghaṭṭamānāni	saṅghaṭṭayantāni
pacchinnapatto	sañchinnapatto
alimpamāno	alippamāno
duvijāno	suvijāno
uparundheti	parirundhati
paṭijānati	paṭijānāti
vaṃsakaḷīrova	vaṃsakkaḷīrova
mavajānati	mavajānāti
supāṇā	suvānā
parihārati	parihīrati
unnametave	uṇṇametave
sandhavato	santhavāto
alimpamānaṃ	alippamānaṃ
nīlagivo	nīlagīvo
padavissito	pathavissito
satamasamānā	satamasnamānā
asucibhāvamassitā	asucibhāvamissitā
lūkharasā	lūkhasā
pātirūpikā	pāṭirūpikā
atthanvayaṃ	ananvayaṃ
attasammāpaṇīdhī	attasammāpaṇidhi
kāraṇḍaṃ	kāraṇḍavaṃ
pithiyyare	pidhiyyare
okkādhāro	ukkādhāro
abbhadhanaṃ	abbhaghanaṃ
saṇiṃ	saṇikaṃ
saṅkhayyakārova	saṅkheyyakāro ca
yadatthiyaṃ	yadatthikaṃ
yadatthitaṃ	yadatthikaṃ
achejji	acchecchi
anāsayāno	anāsisāno
anāsasāno	anāsisāno
paṭhamuppattito	paṭhamuppattiko
senatthena	yenatthena
vecchāmi	bhecchāmi
puññapekho	puññapekkho
samujjapaññassa	samujjupaññassa
kenatthenā	kenattanā
veḷaṭṭhaputto	belaṭṭhaputta
keṇissamiye	keṇiyassa jaṭilassa assame
vivattacchaddo	vivaṭṭacchaddo
sammannesi	samannesi
bhojarājāno	bhogirājāno
mahantakaro	mahattaro
bhunahata	bhūnahu
ginissamāsu	agginisamāsu
adhimanasā	adhimānasā
paripucchiyāno	paripucchamāno
vivasane	vivasāne
rukkhaṃvupativattati	rukkhaṃvupanivattati
attamānaṃ	attamāniṃ
limpatī	lippatī
dviyattesu	viyattesu
viditva	viditvā
nopalimpati	nopalippati
vidiyanti	vādayanti
samohamāgā	pamohamāgā
elambujaṃ	jalambujaṃ
ghaṭṭamānā	ghaṭṭayantā
mantābhāṇī	mantabhāṇī
piyassu	piyā su
akkusaloti	akusaloti
nānāto	nānā te
medhakaṃ	medhagaṃ
sikkhānukiriyanti	sikkhānugīyanti
kutha	kuvaṃ
muḷakassa	aḷakassa
mūḷhakassa	aḷakassa
maḷakassa	aḷakassa
tassito	tasito
dvattiṃsāni	dvattiṃsā
vivattachaddo	vivaṭṭacchado
vissajessati	vissajjessati
purimāhissatiṃ	puraṃ māhissatiṃ
vītaraṃsiṃva	sataraṃsiṃ
samīhāmi	sahissāmi
dhimutto	vimutto
anānuvāyī	anānuyāyī
paṭṭhagūti	paddhagūti
asutaṃmutaṃ	asutaṃ amutaṃ
kiñcinamatthi	kiñcanamatthi
maccudheyyapāraṃ	maccudheyyassa pāraṃ
ñatva	ñatvā
kadarīyaṃ	kadariyaṃ
kaṇḍakavārijaṃ	kaṇḍakaṃ vārijaṃ
byasanaṅgato	byasanaṃgato
nighosaṃ	nigghosaṃ
pupphamivā	pupphamiva
yathākammupage	yathākammūpage
athuṇhaṃ	atuṇhaṃ
kuva	kuvaṃ
tiṇṇakathaṅkatho	tiṇṇakathaṃkatho
saṃkappayattāya	saṃkappayantāya
sumaṃ	sudaṃ
pahīyabhi	pahissati
kāraṃviyaṃ	kārambhiyaṃ
sītavātakadditakalitā	sītavātakīḷitā
nimmissaṃ	nimiyaṃ
vihavihābhinadite	cihacihābhinadite
papajjaṃ	papajjiṃ
saṃsevitabuddhasīlinā	saṃsevitavuddhasīlinā
sallakitena	bahukuṭajasallakikena
veghamissena	veṭhamissena
bodhiyati	heṭhīyati
soḷasapabbedho	soḷasubbedho
apacanīyānaṃ	apaceyyānaṃ
atibhariyāya	atibharitāya
