id,pali_1,example_1
3635,akaṃsu 1,bhikkhū ghaṭikārassa kumbhakārassa āvesanaṃ uttiṇam'<b>akaṃsu.</b>
3718,akārita,"tassa mukh'ādhāne kāraṇaṃ kāriyamānassa honti y'eva visūkāyitāni visevitāni vipphanditāni kānici kānici, yathā taṃ <b>akārita</b>pubbaṃ kāraṇaṃ kāriyamānassa."
3719,akāritapubba,"tassa mukh'ādhāne kāraṇaṃ kāriyamānassa honti y'eva visūkāyitāni visevitāni vipphanditāni kānici kānici, yathā taṃ <b>akāritapubbaṃ</b> kāraṇaṃ kāriyamānassa."
3597,akālapuppha,"sabbaphāliphullā kho, ānanda, yamakasālā <b>akālapupphehi</b>. te tathāgatassa sarīraṃ okiranti ajjhokiranti abhippakiranti tathāgatassa pūjāya."
2727,aggadhammasamāhita,"aggassa dātā medhāvī, <b>aggadhammasamāhito</b>. devabhūto manusso vā, aggappatto pamodatī'ti."
2725,aggadhamma 1,"aggassa dātā medhāvī, <b>aggadhamma</b>samāhito. devabhūto manusso vā, aggappatto pamodatī'ti."
5904,aṅgulimāla,"coro ahaṃ pure āsiṃ, <b>aṅgulimālo</b>'ti vissuto.<br/>vuyhamāno mah'oghena, buddhaṃ saraṇam'āgamaṃ."
1411,acc,"yo vo, ānanda, mayā dhammo ca vinayo ca desito paññatto, so vo mam'<b>acc</b>ayena satthā."
1524,acchati 2,"sabbakārukasippāni, cittiṃ katvāna sikkhare.<br/>avūpasantā ajjhattaṃ, sāmaññ'attho'ti <b>acchati</b> ."
3356,ajjh,so iminā ariyena sīlakkhandhena samannāgato <b>ajjh</b>attaṃ anavajjasukhaṃ paṭisaṃvedeti
3541,ajjhūpagata,"vevaṇṇiy'amhi <b>ajjhūpagato</b>'ti, pabbajitena abhiṇhaṃ paccavekkhitabbaṃ."
3491,ajjhogāḷha,"mohanaṃ vuccati kāmaguṇā. ettha hi devamanussā muyhanti, tesu <b>ajjhogāḷho</b> hutvā. etena bahiddhābandhanaṃ vuttaṃ."
6162,añjanamakkhita,"aṭṭhapadakatā kesā, nettā <b>añjanamakkhitā</b>. <br/>alaṃ bālassa mohāya, no ca pāragavesino."
6166,añjanī 1,"<b>añjanī</b>'va navā cittā, pūtikāyo alaṅkato. <br/>alaṃ bālassa mohāya, no ca pāragavesino."
6240,aññamaññābhigijjhanti,"mahaddhanā mahābhogā,<br/>raṭṭhavanto'pi khattiyā,<br/><b>aññam'aññ'ābhigijjhanti</b>,<br/>kāmesu analaṅkatā."
6235,aññākoṇḍañña,"aññāsi vata, bho, koṇḍañño, aññāsi vata, bho, koṇḍañño'ti! iti h'idaṃ āyasmato koṇḍaññassa <b>aññāsikoṇḍañño</b>' tv'eva nāmaṃ ahosī'ti."
11641,aṭṭhapadakata,"<b>aṭṭhapadakatā</b> kesā, nettā añjanamakkhitā. <br/>alaṃ bālassa mohāya, no ca pāragavesino."
11786,aṭṭhimiñjā,atthi imasmiṃ kāye kesā lomā nakhā dantā taco maṃsaṃ nhāru aṭṭhi <b>aṭṭhimiñjaṃ</b> vakkaṃ hadayaṃ yakanaṃ kilomakaṃ
11748,aṭṭhena,"yadi duppūraṇ'<b>aṭṭhena</b> yadi vā samuddan<b>'aṭṭhena</b> samuddo, cakkhum'eva samuddo."
5929,aṇha,"tam'enaṃ pubb'<b>aṇha</b>samayaṃ sattisatena haneyyuṃ. atha rājā majjha-<b>anh</b>ikasamayaṃ evaṃ vadeyya, ambho, kathaṃ so puriso'ti?"
10809,atandī,"etā pi buddhajayamaṅgalaaṭṭhagāthā, yo vācano dinadine sarate'm'<b>atandī</b>, hitvān'anekavividhāni c'upaddavāni, mokkhaṃ sukhaṃ adhigameyya naro sapañño"
11066,atimatta,"nāḷāgiriṃ gajavaraṃ <b>atimatta</b>bhūtaṃ, dāv'aggicakkam'asanī'va, sudāruṇan'taṃ, mett'ambusekavidhinā jitavā mun'indo."
11215,atītasatthuka 2,"siyā kho pan'ānanda, tumhākaṃ evam'assa, <b>atītasatthukaṃ</b> pāvacanaṃ, n'atthi no satthā'ti."
11448,attasammāpaṇidhi,"paṭirūpadesavāso ca, pubbe ca katapuññatā.<br/><b>attasammāpaṇidhi</b> ca, etaṃ maṅgalam'uttamaṃ."
11564,atthaladdha,"te <b>atthaladdhā</b> sukhitā, viruḷhā buddhasāsane. arogā sukhitā hotha, saha sabbehi ñātibhī'ti."
70963,attha 4.2,"etāni, bhikkhave, rukkhamūlāni, etāni suññ'āgārāni. jhāyatha, bhikkhave, mā pamāda-<b>attha</b>, mā pacchā vippaṭisārino ahuvattha. ayaṃ vo amhākaṃ anusāsanī'ti."
11758,atthibhāva,rūparāgappaṭisaṃvedī'ti kilesassa <b>atthibhāven</b>'eva pana rūparāgaṃ paṭisaṃviditaṃ karoti nāma
1854,addhaniya,"yatha'y'idaṃ brahmacariyaṃ <b>addhaniyaṃ</b> assa ciraṭṭhitikaṃ, tadassa bahujanahitāya bahujanasukhāya lok'ānukampāya atthāya hitāya sukhāya devamanussānaṃ"
2043,adhigameyya,"etā pi buddhajayamaṅgala-aṭṭhagāthā, yo vācano dinadine sarate'm'atandī, hitvān'anekavividhāni c'upaddavāni, mokkhaṃ sukhaṃ <b>adhigameyya</b> naro sapañño"
2221,adhiṭṭhahati 2,"ālokasaññaṃ manasi kareyyāsi, divāsaññaṃ <b>adhiṭṭhaheyyāsi</b> – yathā divā tathā rattiṃ yathā rattiṃ tathā divā. iti vivaṭena cetasā apariyonaddhena sa'p'pabhāsaṃ cittaṃ bhāveyyāsi"
2245,adhiṭṭheyya,"tiṭṭhañ'caraṃ, nisinno vā, sayāno vā, yāvat'assa vigatamiddho,<br/>etaṃ satiṃ <b>adhiṭṭheyya</b>, brahmam'etaṃ vihāraṃ idha'm'āhu."
2185,adhipati 2,magg'ārammaṇā dhammā. maggahetukā dhammā. magg'<b>ādhipatino</b> dhammā
2132,adhimucchita,"paṇītaṃ yadi vā lūkhaṃ, appaṃ vā yadi vā bahuṃ.<br/>yāpan'atthaṃ abhuñjiṃsu, agiddhā n'ādhimucchitā."
2286,adhivattati 1,"patirūpe vase dese, ariyamittakaro siyā. <br/>sammāpaṇidhisampanno, pubbe puññakato naro. <br/>dhaññaṃ dhanaṃ yaso kitti, sukhaṃcetaṃ<b>adhivattatī</b>."
2351,adhuva,bhayato upasaggato calato pabhaṅguto <b>adhuvato</b> atāṇato aleṇato asaraṇato rittato tucchato suññato anattato ādīnavato
5571,anatthasañhita,yo c'āyaṃ attakilamath'ānuyogo dukkho anariyo <b>anatthasañhito</b>.
5263,anantara 2,"hetupaccayo, ārammaṇapaccayo, adhipatipaccayo, <b>anantara</b>paccayo, samanantarapaccayo, sahajātapaccayo, aññam'aññapaccayo"
7157,anupādāniya,upādinn'upādāniyā dhammā. anupādinn'upādāniyā dhammā. anupādinn'<b>ānupādāniyā</b> dhammā.
7192,anupāhana 1,"yathā kaṇṭakaṭṭhānamhi, careyya <b>anupāhano</b>.<br/>satiṃ upaṭṭhapetvāna, evaṃ gāme munī care."
7412,anuppadinna,"so ñātidhammo ca ayaṃ nidassito, petāna'pūjā ca katā uḷārā. balañ'ca bhikkhūnam'<b>anuppadinnaṃ</b>, tumhehi puññaṃ pasutaṃ anappakan'ti."
6779,anubodhaka,"saṅgho sukhett'ābhyatikhettasaññito, yo diṭṭhasanto sugat'<b>ānubodhako</b>, lolappahīno ariyo sumedhaso"
6803,anubyañjanaso 2,"varaṃ, bhikkhave, tattāya ayosalākāya ādittāya sampajjalitāya sajotibhūtāya cakkhu'ndriyaṃ sampalimaṭṭhaṃ, na tv'eva cakkhuviññeyyesu rūpesu <b>anubyañjanaso</b> nimittaggāho."
7086,anumodanā 1,"mayā dinnānapuññānaṃ <b>anumodana</b>hetunā, sabbe sattā sadā hontu averā sukhajīvino, khemappadañ'ca pappontu tesāsā sijjhataṃ subhā"
7640,anusikkhati 2,"ye'pi tassa <b>anusikkhanti</b>, te'pi kāyassa bhedā paraṃ maraṇā apāyaṃ duggatiṃ vinipātaṃ nirayaṃ upapajjanti."
7647,anusocati,"atītaṃ na-<b>anusocanti</b>,<br/>nappajappanti n'āgataṃ,<br/>paccuppannena yāpenti,<br/>tena vaṇṇo pasīdati."
7699,anussāviyamāna,"yo pana bhikkhu, yāvatatiyaṃ <b>anussāviyamāne</b>, saramāno santiṃ āpattiṃ n'āvikareyya, sampajānamusāvād'assa hoti."
6425,anokamāgamma,"kaṇhaṃ dhammaṃ vippahāya, sukkaṃ bhāvetha paṇḍito, <br/>okā <b>anokam'āgamma</b>, viveke yattha dūramaṃ."
6403,anodhi 2,"cha, bhikkhave, ānisaṃse sampassamānena alam'eva bhikkhunā sabbadhammesu <b>anodhiṃ</b> karitvā anattasaññaṃ upaṭṭhāpetuṃ."
8172,apakassa 2,"seyyathā'pi, bhikkhave, puriso jar'udapānaṃ vā olokeyya pabbatavisamaṃ vā nadīviduggaṃ vā, <b>apakass</b>'eva kāyaṃ, <b>apakassa</b> cittaṃ"
8038,apaciyati,"so tathāgataṃ sakkaroti garuṃ karoti māneti pūjeti <b>apaciyati</b>, paramāya pūjāya."
8131,apajaha,"ime, bhante, licchavikumārakā caṇḍā pharusā <b>apajahā</b> ... kul'itthīnam'pi kulakumārīnam'pi pacchāliyaṃ khipanti."
8318,apaññatta 1,"yāvakīvañ'ca bhikkhave bhikkhū <b>apaññattaṃ</b> na paññāpessanti, paññattaṃ na samucchindissanti, yathāpaññattesu sikkhāpadesu samādāya vattissanti"
8306,apaṇṇakaṃ,"dumapphalānī'va patanti māṇavā, daharā ca vuḍḍhā ca sarīrabhedā.<br/>etam'pi disvā pabbajito'mhi rāja, <b>apaṇṇakaṃ</b> sāmaññam'eva seyyo."
8631,apattamānasa,ye kho te bhikkhū sekkhā <b>apattamānasā</b> anuttaraṃ yogakkhemaṃ<br/>patthayamānā viharanti tesu me ayaṃ evarūpī anusāsanī hoti.
8702,apayanta,"nandopanandabhujagaṃ vibudhaṃ mah'iddhiṃ, puttena therabhujagena dam'<b>āpayanto</b>, iddh'ūpadesavidhinā jitavā mun'indo"
8447,aparihāniya,katame ca bhikkhave satta <b>aparihāniyā</b> dhammā?
8047,apādaka 2,"<b>apādakehi</b> me mettaṃ, mettaṃ dipādakehi me.<br/>catuppadehi me mettaṃ, mettaṃ bahuppadehi me."
8348,apāra 2,"yassa pāraṃ <b>apāraṃ</b> vā, pār'āpāraṃ na vijjati,<br/>vītaddaraṃ visaṃyuttaṃ, tam'ahaṃ brūmi brāhmaṇaṃ."
8749,apetaviññāṇa,"aciraṃ vat'ayaṃ kāyo, paṭhaviṃ adhisessati.<br/>chuḍḍho <b>apetaviññāṇo</b>, niratthaṃ'va kaliṅgaraṃ."
9042,appaṭigha 1,sanidassanasappaṭighā dhammā. anidassanasappaṭighā dhammā. anidassana-<b>appaṭighā</b> dhammā.
61,abbahe,"pamādo rajo pamādo, pamād'ānupatito rajo,<br/>appamādena vijjāya, <b>abbahe</b> sallam'attano'ti."
1320,abyositatta,"tasmā hi paññā'va dhanena seyyā, yāya vosānam'idh'ādhigacchati.<br/><b>abyositattā</b> hi bhav'ābhavesu, pāpāni kammāni karoti mohā."
537,abhikkantadassāvī,"evaṃ <b>abhikkantadassāviṃ</b>, atthi pañhena āgamaṃ, <br/>kathaṃ lokaṃ avekkhantaṃ, maccurājā na passati."
505,abhijjhitar,"idha cunda ekacco anabhijjhālu hoti. yaṃ taṃ parassa paravitt'ūpakaraṇaṃ taṃ an<b>abhijjhitā</b> hoti, aho vata yaṃ parassa taṃ mamassā'ti"
1091,abhitthavati,yaṃnūn'āhaṃ bhagavantaṃ sammukhā sāruppāya gāthāya <b>abhitthaveyyan</b>'ti.
1096,abhitthuti,handa mayaṃ buddh'<b>ābhitthutiṃ</b> karomase
378,abhidhāna 3,"duggāhadiṭṭhibhujagena sudaṭṭhahatthaṃ, brahmaṃ visuddhijutim'iddhibak'<b>ābhidhānaṃ</b>, ñāṇāgadena vidhinā jitavā mun'indo"
685,abhinikkhamana,"ek'ūnatiṃsatime saṃvacchare maha-<b>abhinikkhamanaṃ</b> nikkhamitvā, chabbassāni mahāpadānaṃ padahitvā"
712,abhinimmita,"bāhuṃ sahassam'<b>abhinimmita</b> sāvudhan'taṃ, grīmekhalaṃ uditaghorasasenamāraṃ, dān'ādidhammavidhinā jitavā mun'indo, tan'tejasā bhavatu te jayamaṅgalāni"
825,abhipīḷita,ekadā dhammarājā pi gelaññen'<b>ābhipīḷito</b> cundattherena taññ'eva bhaṇāpetvāna sādaraṃ sammoditvā ca ābādhā tamhā vuṭṭhāsi ṭhānaso.
850,abhipūjaneyyaka,"icc'evam'ek'anta-<b>abhipūjaneyyakaṃ</b>, vatthuttayaṃ vandayat'ābhisaṅkhataṃ"
851,abhipūjayati,"tam'mayaṃ bhagavantaṃ sadhammaṃ sasaṅghaṃ, imehi sakkārehi yath'ārahaṃ āropitehi <b>abhipūjayāma</b>"
1192,abhiyujjhita,"mār'ātirekam'<b>abhiyujjhita</b>sabbarattiṃ, ghoram'pan'āḷavakam'akkhamathaddhayakkhaṃ, khantīsudantavidhinā jitavā mun'indo."
1007,abhisaṅkharaṇa,"bhante nāgasena, kiṃlakkhaṇā cetanā'ti? cetayitalakkhaṇā, mahārāja, cetanā <b>abhisaṅkharaṇa</b>lakkhaṇā cā'ti."
1234,abhyati,"saṅgho sukhett'<b>ābhyati</b>khettasaññito, yo diṭṭhasanto sugat'ānubodhako, lolappahīno ariyo sumedhaso"
4655,amatadhātu,so tehi dhammehi cittaṃ paṭivāpeti. so tehi dhammehi cittaṃ paṭivāpetvā <b>amatāya</b> <b>dhātuyā</b> cittaṃ upasaṃharati
4629,amara 2,<b>amarā</b>vitakkavaḍḍhanaṃ par'ānudayatāpaṭisaṃyuttavitakkavaḍḍhanaṃ lābhasakkārasilokapaṭisaṃyuttavitakkavaḍḍhanaṃ
4761,ambilagga,"<b>ambil'aggehi</b>'pi, tittak'aggehi'pi, kaṭuk'aggehi'pi, madhur'aggehi'pi, khārikehi'pi, akhārikehi'pi, loṇikehi'pi, aloṇikehi'pi."
9769,arūpāvacara,"tattha katamo āneñj'ābhisaṅkhāro? kusalā cetanā <b>arūp'āvacarā</b>, ayaṃ vuccati āneñj'ābhisaṅkhāro."
4339,alattaka,"<b>alattaka</b>katā pādā, mukhaṃ cuṇṇakamakkhitaṃ. <br/>alaṃ bālassa mohāya, no ca pāragavesino."
4340,alattakakata,"<b>alattakakatā</b> pādā, mukhaṃ cuṇṇakamakkhitaṃ. <br/>alaṃ bālassa mohāya, no ca pāragavesino."
10132,asaṅkiliṭṭha,saṅkiliṭṭhasaṅkilesikā dhammā. <b>asaṅkiliṭṭha</b>saṅkilesikā dhammā. asaṅkiliṭṭh'āsaṅkilesikā dhammā.
10143,asaṅkuppa,"paccuppannañ'ca yaṃ dhammaṃ, tattha tattha vipassati. asaṃhīraṃ <b>asaṅkuppaṃ</b>, taṃ vidvā manubrūhaye."
10144,asaññā,"tattha katamo upapattibhavo? kāmabhavo, rūpabhavo, arūpabhavo, saññābhavo, <b>asaññā</b>bhavo, n'evasaññān'<b>āsaññā</b>bhavo, ekavokārabhavo, catuvokārabhavo, pañcavokārabhavo"
10178,asanta 1.2,"duddadaṃ dadamānānaṃ, dukkaraṃ kamma kubbataṃ.<br/><b>asanto</b> n'ānukubbanti, sataṃ dhammo durannayo"
9981,asaṃkilesika,saṃkiliṭṭhasaṃkilesikā dhammā.<br/>asaṃkiliṭṭhasaṃkilesikā dhammā.<br/>asaṃkiliṭṭh'<b>āsaṃkilesikā</b> dhammā.
9976,asaṃhira,"paccuppannañ'ca yaṃ dhammaṃ, tattha tattha vipassati. <b>asaṃhiraṃ</b> asaṅkuppaṃ, taṃ vidvā m'anubrūhaye."
10739,asuci 4,"kathañ'hi nāma tvaṃ, moghapurisa, hatthena upakkamitvā <b>asuciṃ</b> mocessasi!"
10734,asubhataddasa,"aniccaṃ aniccato dakkhuṃ, dukkham'addakkhu dukkhato.<br/>anattani anattā'ti, asubhaṃ <b>asubhat'addasuṃ</b>.<br/>sammādiṭṭhisamādānā, sabbaṃ dukkhaṃ upaccagun'ti"
10352,asekkha 1,sekkhā dhammā. <b>asekkhā</b> dhammā. n'eva sekkhā na-<b>asekkhā</b> dhammā.
10682,assayuja 1,"ayaṃ vasabhasaṃvacchare vassānautu. asmiṃ utumhi <b>assayuja</b>māsassa kāḷapakkhe catutthaṃ, ravivāram'idan'ti daṭṭhabbaṃ."
70961,assasissati,"pītipaṭisaṃvedī <b>assasissāmī</b>'ti sikkhati, pītipaṭisaṃvedī passasissāmī'ti sikkhati."
12126,avaṅkata,evaṃ no ayaṃ amhākaṃ pabbajjā <b>avaṅkatā</b> avañjhā bhavissati saphalā saudrayā.
11901,avacara 2,"kusalā cetanā kām'<b>āvacarā</b> rūp'<b>āvacarā</b> dānamayā sīlamayā bhāvanāmayā, ayaṃ vuccati puññ'ābhisaṅkhāro."
12101,avamaṅgala 1,"sabbe te rogā, sabbe te bhayā, sabbe te antarāyā, sabbe te upaddavā, sabbe te dunnimittā, sabbe te <b>avamaṅgalā</b> vinassantu"
12587,avikkhitta,pharitvāna mettaṃ samettā bhadantā <b>avikkhitta</b>cittā parittaṃ bhaṇantu
12438,avīci 2,"asītivassasahass'āyukesu, bhikkhave, manussesu ayaṃ jambudīpo <b>avīci</b> maññe phuṭo bhavissati manussehi, seyyathā'pi naḷavanaṃ vā saravanaṃ vā."
12730,avītikkama,"yo tattha saṃyamo saṃvaro <b>avītikkamo</b>, idaṃ sīlaṃ. yaṃ samādānaṃ taṃ vataṃ. saṃvar'aṭṭhena sīlaṃ, samādān'aṭṭhena vataṃ"
3149,ahorattamatandita,"evaṃ vihārim'ātāpiṃ, <br/><b>ahorattam'atanditaṃ</b>. <br/>taṃ ve bhadd'ekaratto'ti, <br/>santo ācikkhate muni."
2542,āgā,"diṭṭhiñ'ca nissāya anupucchamāno,<br/>samuggahītesu pamoham'<b>āgā</b>,<br/>ito ca n'āddakkhi aṇum'pi saññaṃ,<br/>tasmā tuvaṃ momuhato dahāsi."
10828,ātāpeti 2,"yassa hi so, bhikkhave, atthāya usukāro tejanaṃ dvīsu alātesu <b>ātāpeyya</b> paritāpeyya ujuṃ kareyya kammaniyaṃ sv'āssa attho abhinipphanno hoti."
1729,ādara,"buddho susuddho karuṇāmah'aṇṇavo, yo'ccantasuddhabbarañāṇalocano, lokassa pāp'ūpakilesaghātako, vandāmi buddhaṃ aham<b>'ādarena</b> taṃ"
5812,āneñja 2,"tattha katame avijjāpaccayā saṅkhārā? puññ'ābhisaṅkhāro, apuññ'ābhisaṅkhāro, <b>āneñj</b>'ābhisaṅkhāro, kāyasaṅkhāro, vacīsaṅkhāro, cittasaṅkhāro."
8156,āpajjita,tathārūpāsu na cārittaṃ <b>āpajjitā</b> hoti
4537,āmakadhañña,<b>āmakadhañña</b>paṭiggahaṇā paṭivirato hoti āmakamaṃsapaṭiggahaṇā paṭivirato hoti
4696,āmavasesa,"khuddaṃ paṭihanati, pipāsaṃ paṭivineti, vātaṃ anulometi, vatthiṃ sodheti, <b>ām'āvasesaṃ</b> pāceti. ime kho, bhikkhave, pañca ānisaṃsā yāguyā'ti."
13015,āyuda,"<b>āyudo</b> balado dhīro, vaṇṇado paṭibhāṇado. <br/>sukhassa dātā medhāvī, sukhaṃ so adhigacchati."
9277,ārabhituṃ,alam'eva saddhāpabbajitena kulaputtena vīriyaṃ <b>ārabhituṃ</b>
9457,ārammaṇa 5,paritta-<b>arammaṇā</b> dhammā. mahaggata-<b>arammaṇā</b> dhammā. appamāṇ'<b>ārammaṇā</b> dhammā
9297,ārādhanā 3,"kathañ'ca, bhikkhave, anupubbasikkhā anupubbakiriyā anupubbapaṭipadā añña-<b>arādhanā</b> hoti?"
9407,ārāma 2,paṭisaṅkhā yoniso sen'āsanaṃ paṭisevāmi yāva'd'eva sītassa paṭighātāya uṇhassa paṭighātāya ḍaṃsamakasavāt'ātapasiriṃsapasamphassānaṃ paṭighātāya yāva'd'eva utuparissayavinodanaṃ paṭisallāna-<b>arām'</b>atthaṃ
4390,ālimpesi,"tena kho pana samayena chabbaggiyā bhikkhū dāyaṃ <b>ālimpesuṃ</b>, manussā daḍḍhā kālamakaṃsu."
4465,āloketi,"suṇāti na vijānāti, <b>āloketi</b> na passati. dhammasmiṃ bhaññamānasmiṃ, atthaṃ bālo na bujjhati. sace'pi dasa pajjote, dhārayissasi, kassapa. n'eva dakkhati rūpāni, cakkhu hi'ssa na vijjatī'ti."
10068,āsanapaññāpana,"taṇ'ṭhānasammajjanañ'ca, tattha padīp'ujjalanañ'ca, <b>āsanapaññapanañ</b>'ca"
9814,āsabhī,"atha kiñ'carahi ty'āyaṃ, sāriputta, uḷārā <b>āsabhī</b> vācā bhāsitā, ek'aṃso gahito, sīhanādo nadito"
9822,āsādana 1,"handa, bhikkhu, khāda vā bhuñja vā'ti, jānaṃ <b>āsādan</b>'āpekkho, bhuttasmiṃ, pācittiyaṃ."
10371,āsevana,"nissayapaccayo, upanissayapaccayo, purejātapaccayo, pacchājātapaccayo, <b>āsevana</b>paccayo, kammapaccayo, vipākapaccayo, āhārapaccayo"
12008,āvajjana 2,viññāte viññātamattan'ti ettha pana viññātaṃ nāma manodvār<b>'āvajjanena</b> viññāt'ārammaṇaṃ.
12701,āvisati 1,"te kilesā pavaḍḍhantā, <b>āvisanti</b> bahuṃ janaṃ.<br/>kīḷanti maññe bālehi, ummattehi'va rakkhasā."
12422,āvi ceva raho ca,idha bhikkhave bhikkhuno mettaṃ kāyakammaṃ vacīkammaṃ manokammaṃ paccupaṭṭhitaṃ hoti sabrahmacārīsu <b>āvi c'eva raho ca</b>
24506,iccāyasmā,"ye kec'ime isayo manujā, <b>(icc'āyasmā</b> puṇṇako)<br/>khattiyā brāhmaṇā devatānaṃ."
24551,icchita 1,"<b>icchitaṃ</b> patthitaṃ tumhaṃ khippam'eva samijjhatu, sabbe pūrentu saṅkappā, cando paṇṇaraso yathā, maṇi jotiraso yathā"
25092,itthikā,"idaṃ te, tāta sudinna, mātu mattikaṃ, <b>itthikāya</b> itthidhanaṃ, aññaṃ pettikaṃ aññaṃ pitāmahaṃ."
25104,itthindriya,"bāvīsat'indriyāni, cakkhu'ndriyaṃ, sot'indriyaṃ, ghān'indriyaṃ, jivh'indriyaṃ, kāy'indriyaṃ, man'indriyaṃ, <b>itth'indriyaṃ</b>, puris'indriyaṃ"
24975,īti,"sabb'<b>ītiyo</b> vivajjantu, sabbarogo vinassatu, mā te bhavatv'antarāyo, sukhī dīgh'āyuko bhava."
61037,uccāresi 1,aññataro bhikkhu heṭṭhā hutvā silaṃ <b>uccāresi</b>. uparimena bhikkhunā duggahitā silā heṭṭhimassa bhikkhuno matthake avatthāsi. so bhikkhu kālamakāsi
61820,ujupaṭipanna,supaṭipanno bhagavato sāvakasaṅgho <b>ujupaṭipanno</b> bhagavato sāvakasaṅgho ñāyapaṭipanno bhagavato sāvakasaṅgho sāmīcipaṭipanno bhagavato sāvakasaṅgho
61759,ujjavi,atha kho vesālikā vajjiputtakā bhikkhū taṃ sāmaṇakaṃ parikkhāraṃ ādāya nāvāya sahajātiṃ <b>ujjaviṃsu</b>
61790,ujjhitvā,sambahulā bhikkhū santhatāni <b>ujjhitvā</b> āraññik'aṅgaṃ piṇḍapātik'aṅgaṃ paṃsukūlik'aṅgaṃ samādiyiṃsu
64114,utuparissayavinodana,paṭisaṅkhā yoniso sen'āsanaṃ paṭisevāmi yāva'd'eva sītassa paṭighātāya uṇhassa paṭighātāya ḍaṃsamakasavāt'ātapasiriṃsapasamphassānaṃ paṭighātāya yāva'd'eva <b>utuparissayavinodanaṃ</b> paṭisallān'ārām'atthaṃ
70893,uttara 11,"atha kho pāyāsi rājañño <b>uttaraṃ</b> māṇavaṃ āmantāpetvā etad'avoca, saccaṃ kira tvaṃ, tāta uttara, dānaṃ datvā evaṃ anuddisasi"
64080,uttiṇa,bhikkhū ghaṭikārassa kumbhakārassa āvesanaṃ <b>uttiṇam</b>'akaṃsu.
61544,udita,"bāhuṃ sahassam'abhinimmita sāvudhan'taṃ, grīmekhalaṃ <b>udita</b>ghorasasenamāraṃ, dān'ādidhammavidhinā jitavā mun'indo, tan'tejasā bhavatu te jayamaṅgalāni"
61407,uddhaggika,tathārūpesu samaṇabrāhmaṇesu <b>uddh'aggikaṃ</b> dakkhiṇaṃ patiṭṭhāpeti sovaggikaṃ sukhavipākaṃ saggasaṃvattanikaṃ.
61412,uddhaṃ adho tiriyaṃ,"mettañ'ca sabbalokasmiṃ, mānasam'bhāvaye aparimāṇaṃ;<br/><b>uddhaṃ adho</b> ca <b>tiriyañ</b>'ca, asambādhaṃ, averaṃ, asapattaṃ."
62198,undūra,"amhākaṃ pana sakiṃ katāni santhatāni pañca'pi cha'pi vassāni honti, yesaṃ no dārakā uhadanti'pi ummihanti'pi <b>undūrehi</b>'pi khajjanti."
62588,upakappati,"yathā vārivahā pūrā paripūrenti sāgaraṃ, evam'eva ito dinnaṃ petānaṃ <b>upakappati</b>."
63248,upaṭṭhapetvāna,"yathā kaṇṭakaṭṭhānamhi, careyya anupāhano.<br/>satiṃ <b>upaṭṭhapetvāna</b>, evaṃ gāme munī care."
62411,upadesa,"nandopanandabhujagaṃ vibudhaṃ mah'iddhiṃ, puttena therabhujagena dam'āpayanto, iddh'<b>ūpadesa</b>vidhinā jitavā mun'indo"
62756,upanandhi,chabbaggiyā bhikkhū mahānāme sakke <b>upanandhiṃsu</b>.
62851,upanissaya,"nissayapaccayo, <b>upanissaya</b>paccayo, purejātapaccayo, pacchājātapaccayo, āsevanapaccayo, kammapaccayo, vipākapaccayo, āhārapaccayo"
62901,upapāramī,"dasa pāramiyo, dasa <b>upapāramiyo</b>, dasa param'atthapāramiyo'ti"
62284,upabhuñjaka 1,"yathā paccayaṃ pavattamānaṃ dhātumattam'ev'etaṃ, yad idaṃ piṇḍapāto tad <b>upabhuñjako</b> ca puggalo, dhātumattako nissatto nijjīvo suñño,"
62961,uparima,aññataro bhikkhu heṭṭhā hutvā silaṃ uccāresi. <b>uparimena</b> bhikkhunā duggahitā silā heṭṭhimassa bhikkhuno matthake avatthāsi. so bhikkhu kālamakāsi
62999,uparūpari,yam'pi tathāgato arahaṃ sammāsambuddho pubb'eva sambodhā anabhisambuddho bodhisatto'va samāno mahato mīḷhapabbatassa <b>upar'ūpari</b> caṅkamati alippamāno mīḷhena
63024,upasamana,"sakkatvā dhammaratanaṃ, osadhaṃ uttamaṃ varaṃ, pariḷāh'<b>ūpasamanaṃ</b>. dhammatejena sotthinā nassant'upaddavā sabbe, bhayā vūpasamentu te."
63046,upasamika,dhammo ca desito niyyāniko <b>upasamiko</b> parinibbāniko sambodhagāmī sugatappavedito
63288,upavajja 2,"ahaṃ, bhante, pāpakammaṃ akāsiṃ gārayhaṃ <b>upavajjaṃ</b>. yena me āyasmanto attamanā honti taṃ karomī'ti."
62546,upahāra,"seyyathā'pi, bhikkhu, telañ'ca paṭicca vaṭṭiñ'ca paṭicca telappadīpo jhāyati, tass'eva telassa ca vaṭṭiyā ca pariyādānā aññassa ca an<b>upahārā</b> anāhāro nibbāyati."
62692,upāli 2,"etadaggaṃ, bhikkhave, mama sāvakānaṃ bhikkhūnaṃ vinayadharānaṃ yadidaṃ <b>upāli</b>"
63528,uppajjituṃ,n'āhaṃ taṃ pamāṇaṃ atikkamitvā rajjan'ādivasena <b>uppajjituṃ</b> dassāmī'ti evam'ettha attho daṭṭhabbo.
63504,uppādī,uppannā dhammā. anuppannā dhammā. <b>uppādino</b> dhammā.
60946,ubhatobhāgavimutta,<b>ubhatobhāgavimutto</b>  idha ekacco puggalo ye te santā vimokkhā atikkamma rūpe āruppā te kāyena phusitvā viharati paññāya c'assa disvā āsavā parikkhīṇā honti.
62110,ummihati,"amhākaṃ pana sakiṃ katāni santhatāni pañca'pi cha'pi vassāni honti, yesaṃ no dārakā uhadanti'pi <b>ummihanti</b>'pi undūrehi'pi khajjanti."
63742,ussāhetvā,"atthaṃ upaparikkhato dhammā nijjhānaṃ khamanti, dhammanijjhānakkhantiyā sati chando jāyati, chandajāto ussahati, <b>ussāhetvā</b> tuleti, tulayitvā padahati,"
61715,uhadati,"amhākaṃ pana sakiṃ katāni santhatāni pañca'pi cha'pi vassāni honti, yesaṃ no dārakā <b>uhadanti</b>'pi ummihanti'pi undūrehi'pi khajjanti."
70918,eka 7,"<b>eka</b>jaṃ vā dvijaṃ vā'pi,<br/>yo'dha pāṇaṃ vihiṃsati,<br/>yassa pāṇe dayā n'atthi,<br/>taṃ jaññā vasalo iti."
21733,ekūnacattāḷīsati,"idāni kho pana dvesahassapañcasata-<b>ekūnacattāḷīsati</b> saṃvaccharāni c'eva, navamāsāni ca, catuvīsatidivasāni atikkantāni."
21745,ekūnatiṃsati,"idāni kho pana dvesahassapañcasatatesaṭṭhi saṃvaccharāni c'eva, navamāsāni ca, <b>ekūnatiṃsati</b>divasāni atikkantāni."
21746,ekūnatiṃsatima,"<b>ek'ūnatiṃsatime</b> saṃvacchare mah'ābhinikkhamanaṃ nikkhamitvā, chabbassāni mahāpadānaṃ padahitvā"
21738,ekūnasata,"idāni kho pana dvesahassapañcasata-<b>ekūnasata</b> saṃvaccharāni c'eva, navamāsāni ca, catuvīsatidivasāni atikkantāni."
21749,ekūnavīsati,"idāni kho pana dvesahassapañcasatatesaṭṭhi saṃvaccharāni c'eva, navamāsāni ca, <b>ekūnavīsati</b>divasāni atikkantāni."
71001,ete 2,ye hi keci samaṇā vā brāhmaṇā vā anekavihitaṃ pubbenivāsaṃ anussaramānā anussaranti sabb'<b>ete</b> pañc'upādānakkhandhe anussaranti etesaṃ vā aññataraṃ.
21853,esanta,"na munī gāmam'āgamma, kulesu sahasā care. <br/>ghās'<b>esanaṃ</b> chinnakatho, na vācaṃ payutaṃ bhaṇe."
22029,evamayaṃ,<b>evam'ayaṃ</b> puggalo āyatiṃ aparihānadhammo bhavissatī'ti.
22017,evamārocesi,"kiṃ nu kho mayaṃ āyasmato anuruddhassa <b>evam'ārocimha</b>, imāsañ'ca imāsañ'ca vihārasamāpattīnaṃ mayaṃ lābhino'ti"
21294,ehi tvaṃ,"<b>ehi tvaṃ,</b> bhikkhu, sīlavā hohi, pātimokkhasaṃvarasaṃvuto viharāhi ācāragocarasampanno aṇumattesu vajjesu bhayadassāvī, samādāya sikkhassu sikkhāpadesū'ti"
38757,okkami,"tesaṃ rasapathaviṃ aṅguliyā sāyataṃ acchādesi, taṇhā ca tesaṃ <b>okkami</b>."
38553,odhi,cakkhunā rūpaṃ disvā uppajjati upekkhā bālassa mūḷhassa puthujjanassa an<b>odhi</b>jinassa avipākajinassa anādīnavadassāvino assutavato puthujjanassa.
39076,osādeti,tena hi tvaṃ mahante mahante sāṇipasibbake kārāpetvā hiraññasuvaṇṇassa pūrāpetvā sakaṭehi nibbāhāpetvā majjhe gaṅgāya sote <b>osādehi</b>.
38817,oḷāra,ayañ'ca dasasahassī lokadhātu saṅkampi sampakampi sampavedhi appamāṇo ca <b>oḷāro</b> obhāso loke pāturahosi atikkamm'eva devānaṃ dev'ānubhāvaṃ.
28367,kaṭukagga,"ambil'aggehi'pi, tittak'aggehi'pi, <b>kaṭuk'aggehi</b>'pi, madhur'aggehi'pi, khārikehi'pi, akhārikehi'pi, loṇikehi'pi, aloṇikehi'pi."
70377,katamanussaranta,"adāsi me akāsi me, ñātimittā sakhā ca me. petānaṃ dakkhiṇaṃ dajjā, pubbe <b>katam'anussaraṃ</b>."
71820,kabaḷī,"katame cattāro? <b>kabaḷī</b>kāro āhāro, oḷāriko vā sukhumo vā, phasso dutiyo, manosañcetanā tatiyā, viññāṇaṃ catutthaṃ."
27668,karaṇa 5,uposatha<b>karaṇato</b> pubbe navavidhaṃ pubbakiccaṃ kātabbaṃ hoti
27793,karitvā 1,"atha kho āyasmā ānando abhikkantāya rattiyā, nikkhante paṭhame yāme, uṭṭhāy'āsanā ek'aṃsaṃ uttar'āsaṅgaṃ <b>karitvā</b> yena bhagavā ten'añjaliṃ paṇāmetvā bhagavantaṃ etad'avoca"
27803,kariyamāna 1,uposathakammassa pattakallattaṃ viditvā idāni <b>kariyamāno</b> uposatho saṅghena anumānetabbo.
27814,karomase,handa mayaṃ buddhassa bhagavato pubbabhāganamakāraṃ <b>karomase</b>
26727,kalyāṇī 2,"janapada<b>kalyāṇī</b> naccati gāyatī'ti kho, bhikkhave, bhiyyosomattāya mahājanakāyo sannipateyya."
27928,kasira 2,"seyyathā'pi balavā saṅkhadhamo appa<b>kasiren</b>'eva catuddisā viññāpeyya, evam'eva kho evaṃ bhāvitāya mettāya cetovimuttiyā yaṃ pamāṇakataṃ kammaṃ na taṃ tatr'āvasissati, na taṃ tatr'āvatiṭṭhati."
26317,kahāpaṇa,"na <b>kahāpaṇa</b>vassena, titti kāmesu vijjati. <br/>appassādā dukhā kāmā, iti viññāya paṇḍito"
27982,kātabba 1,taṃ kho panidaṃ dukkhanirodhaṃ ariyasaccaṃ sacchi<b>kātabban</b>'ti
26858,kāmasukhallikānuyoga,yo c'āyaṃ kāmesu <b>kāmasukh'allik'ānuyogo</b> hīno gammo pothujjaniko anariyo anatthasañhito
26873,kāmāvacara 1,"kusalā cetanā <b>kām'āvacarā</b> rūp'āvacarā dānamayā sīlamayā bhāvanāmayā, ayaṃ vuccati puññ'ābhisaṅkhāro."
28526,kāyasañcetanā,"tattha katamo kāyasaṅkhāro? <b>kāyasañcetanā</b> kāyasaṅkhāro, vacīsañcetanā vacīsaṅkhāro, manosañcetanā cittasaṅkhāro."
28562,kāyaviveka,<b>kāyaviveko</b> ca vūpakaṭṭhakāyānaṃ nekkhamm'ābhiratānaṃ
26609,kālika 2,yācitak'ūpamā kāmā tāva<b>kālik'</b>aṭṭhenā'ti passanto vikkhambhanato kāme parivajjeti
27916,kāsikosalā,"yāvatā, bhikkhave, <b>kāsikosalā</b>, yāvatā rañño pasenadissa kosalassa vijitaṃ, rājā tattha pasenadi kosalo aggam'akkhāyati."
26529,kāḷapakkha,"ayaṃ vasabhasaṃvacchare hem'antautu. asmiṃ utumhi phussamāsassa <b>kāḷapakkhe</b> catutthaṃ, ravivāram'idan'ti daṭṭhabbaṃ."
29543,kilesavatthu,"kileseh'ābhibhūtā te, tena tena vidhāvitā.<br/>narā <b>kilesavatthūsu</b>, sasaṅgāme'va ghosite."
30334,kujjhi,"kiṃ nu kujjhasi mā <b>kujjhi</b>, akkodho tissa te varaṃ"
30581,kumbhūpama,"<b>kumbh'ūpamaṃ</b> kāyam'imaṃ viditvā, nagar'ūpamaṃ cittam'idaṃ ṭhapetvā. <br/>yodhetha māraṃ paññ'āvudhena, jitañ'ca rakkhe anivesano siyā."
30824,kūṭadanta,na arahati bhavaṃ <b>kūṭadanto</b> samaṇaṃ gotamaṃ dassanāya upasaṅkamituṃ. samaṇo tv'eva gotamo arahati bhavantaṃ <b>kūṭadantaṃ</b> dassanāya upasaṅkamituṃ
30041,koṇḍañña 1,"aññāsi vata, bho, <b>koṇḍañño</b>, aññāsi vata, bho, <b>koṇḍañño</b>'ti! iti h'idaṃ āyasmato koṇḍaññassa aññāsikoṇḍañño' tv'eva nāmaṃ ahosī'ti."
28743,khagga 1,"seyyathā'pi, āvuso, balavā puriso tiṇhena <b>khaggena</b> muddhani abhimattheyya, evam'eva kho, āvuso, adhimattā vātā muddhani ūhananti."
28745,khagga 3,"sītañ'ca uṇhañ'ca khudaṃ pipāsaṃ, vāt'ātape ḍaṃsasarīsape ca. <br/>sabbāni'p'etāni abhisambhavitvā, eko care <b>khagga</b>visāṇakappo."
28947,khaṇika,"yo pana bhikkhu sañcarittaṃ samāpajjeyya itthiyā vā purisamatiṃ purisassa vā itthimatiṃ jāyattane vā jārattane vā, antamaso taṅ'<b>khaṇikā</b>ya'pi, saṅghādiseso."
28873,khaṇḍa 3,"idam'pi kho, brāhmaṇa, brahmacariyassa <b>khaṇḍam</b>'pi chiddam'pi sabalam'pi kammāsam'pi."
29402,khuramuṇḍa,"gacchatha, bho, imaṃ purisaṃ daḷhāya rajjuyā pacchābāhaṃ gāḷhabandhanaṃ bandhitvā <b>khuramuṇḍaṃ</b> karitvā"
71031,khemaka 2,tena kho pana samayena āyasmā <b>khemako</b> badarik'ārāme viharati ābādhiko dukkhito bāḷhagilāno.
22193,gada 2.2,"duggāhadiṭṭhibhujagena sudaṭṭhahatthaṃ, brahmaṃ visuddhijutim'iddhibak'ābhidhānaṃ, ñāṇā<b>gadena</b> vidhinā jitavā mun'indo"
22872,garukātabba 1,"tasmā hi attakāmena, mahattam'abhikaṅkhatā. <br/>saddhammo <b>garukātabbo</b>, saraṃ buddhāna sāsanan'ti."
22341,gahita 2,"atha kiñ'carahi ty'āyaṃ, sāriputta, uḷārā āsabhī vācā bhāsitā, ek'aṃso <b>gahito</b>, sīhanādo nadito"
22996,gāyanta,api ca kho mātugāmassa saddaṃ suṇāti tirokuṭṭaṃ vā tiropākāraṃ vā hasantiyā vā bhaṇantiyā vā <b>gāyantiyā</b> vā rodantiyā vā
22400,gāḷhabandhanaṃ bandhati,"gacchatha, bho, imaṃ purisaṃ daḷhāya rajjuyā pacchābāhaṃ <b>gāḷhabandhanaṃ</b> <b>bandhitvā</b> khuramuṇḍaṃ karitvā"
23759,guttadvāratā,"na kamm'ārāmatā, na bhass'ārāmatā, na nidd'ārāmatā, na saṅgaṇik'ārāmatā, indriyesu <b>guttadvāratā</b>, bhojane mattaññutā, asaṃsagg'ārāmatā, nippapañc'ārāmatā."
23764,guttika,"yathā, mahārāja, nagara<b>guttiko</b> majjhe nagarasiṅghāṭake nisinno passeyya puratthimadisato purisaṃ āgacchantaṃ"
15638,cakka 3,"nāḷāgiriṃ gajavaraṃ atimattabhūtaṃ, dāv'aggi<b>cakkam</b>'asanī'va, sudāruṇan'taṃ, mett'ambusekavidhinā jitavā mun'indo."
16369,catuttiṃsati,"idāni kho pana dvesahassapañcasata<b>catuttiṃsati</b> saṃvaccharāni c'eva, navamāsāni ca, catuvīsatidivasāni atikkantāni."
16113,catuddasa,ajj'uposatho <b>catuddaso</b>
16179,catumadhura,"yo pana ekasmiṃ bhājane muttaharīṭakaṃ ṭhapetvā ekasmiṃ <b>catumadhuraṃ</b>, gaṇhāhi, bhante, yadicchasī'ti"
16264,caturāsītisahassa,<b>catur'āsītisahassa</b>dhammakkhandh'ānubhāvena piṭakattay'ānubhavena jinasāvak'ānubhāvena
16382,catuvīsati,"idāni kho pana dvesahassapañcasatatesaṭṭhi saṃvaccharāni c'eva, navamāsāni ca, <b>catuvīsati</b>divasāni atikkantāni."
15774,camarī,"kikī'va aṇḍaṃ, <b>camarī</b>'va vāladhiṃ. piyaṃ'va puttaṃ, <br/>nayanaṃ'va ekakaṃ. tath'eva sīlaṃ, anurakkhamānā."
15612,cāgasampadā,"idha, gahapati, ariyasāvako vigatamalamaccherena cetasā agāraṃ ajjhāvasati muttacāgo payatapāṇi vossaggarato yācayogo dānasaṃvibhāgarato. ayaṃ vuccati, gahapati, <b>cāgasampadā</b>."
16114,cātuddasa 1,"niṭṭhite ca pubbakicce, sace so divaso cātuddasīpaṇṇarasīsāmaggīnam'aññataro, yath'ājja uposatho <b>cātuddaso</b>."
16186,cātumahārājika 2,<b>cātumahārājikānaṃ</b> sahassaṃ tāvatiṃsānaṃ sahassaṃ yāmānaṃ sahassaṃ tusitānaṃ sahassaṃ nimmānaratīnaṃ
17340,cittatā 1.1,so sīlavā samāno bhabbo ariyānaṃ a'dassanakamyataṃ pahātuṃ ariyadhammassa a'sotukamyataṃ pahātuṃ upārambha<b>cittataṃ</b> pahātuṃ.
17239,citta 2.6,"ayaṃ vasabhasaṃvacchare gimhānautu. asmiṃ utumhi <b>citta</b>māsassa kāḷapakkhe catutthaṃ, ravivāram'idan'ti daṭṭhabbaṃ."
70981,citra 1.3,"kāmā hi <b>citrā</b> madhurā manoramā, virūparūpena mathenti cittaṃ. <br/>ādīnavaṃ kāmaguṇesu disvā, tasmā ahaṃ pabbajito'mhi rāja."
17627,cuṇṇaka,"alattakakatā pādā, mukhaṃ <b>cuṇṇaka</b>makkhitaṃ. <br/>alaṃ bālassa mohāya, no ca pāragavesino."
17630,cuṇṇakamakkhita,"alattakakatā pādā, mukhaṃ <b>cuṇṇakamakkhitaṃ</b>. <br/>alaṃ bālassa mohāya, no ca pāragavesino."
17524,cuddasama,"ayaṃ vasabhasaṃvacchare hem'antautu. asmiṃ utumhi māghamāsassa kāḷapakkhe <b>cuddasamaṃ</b>, candavāram'idan'ti daṭṭhabbaṃ."
17564,cūḷapanthaka,addasā kho bhagavā āyasmantaṃ <b>cūḷapanthakaṃ</b> avidūre nisinnaṃ pallaṅkaṃ ābhujitvā ujuṃ kāyaṃ paṇidhāya parimukhaṃ satiṃ upaṭṭhapetvā.
16520,cetayita,"bhante nāgasena, kiṃlakkhaṇā cetanā'ti? <b>cetayita</b>lakkhaṇā, mahārāja, cetanā abhisaṅkharaṇalakkhaṇā cā'ti."
17475,coḷa 2,"sace enti manussattaṃ,<br/>dalidde jāyare kule,<br/><b>coḷaṃ</b> piṇḍo ratī khiḍḍā,<br/>yattha kicchena labbhati."
16767,chandaka,"upāsakā bhikkhunisaṅghassa cīvar'atthāya <b>chandakaṃ</b> saṃharitvā, aññatarassa pāvārikassa ghare parikkhāraṃ nikkhipitvā, bhikkhuniyo upasaṅkamitvā etadavocuṃ"
16796,chandāraha,"pānīyaparibhojanīyaupaṭṭhapanañ'ca, <b>chand'ārahānaṃ</b> bhikkhūnaṃ chand'āharaṇañ'ca, tesaññ'eva akat'uposathānaṃ pārisuddhiyā'pi āharaṇañ'ca"
16615,chabbīsati,"idāni kho pana dvesahassapañcasatatesaṭṭhi saṃvaccharāni c'eva, navamāsāni ca, <b>chabbīsati</b>divasāni atikkantāni."
16925,chavālāta,"seyyathā'pi, bhikkhave, <b>chav'ālātaṃ</b> ubhatopadittaṃ majjhe gūthagataṃ, n'eva gāme kaṭṭh'atthaṃ pharati, n'āraññe kaṭṭh'atthaṃ pharati."
16995,chidda 3,"idam'pi kho, brāhmaṇa, brahmacariyassa khaṇḍam'pi <b>chiddam</b>'pi sabalam'pi kammāsam'pi."
17078,chuḍḍha,"aciraṃ vat'ayaṃ kāyo, paṭhaviṃ adhisessati.<br/><b>chuḍḍho</b> apetaviññāṇo, niratthaṃ'va kaliṅgaraṃ."
16949,checchati 2,"vitakk'ūpasame ca yo rato, asubhaṃ bhāvayate sadā sato,<br/>esa kho byanti kāhiti, esa <b>checchati</b> mārabandhanaṃ."
25752,jayanta 1,"<b>jayanto</b> bodhiyā mūle, sakyānaṃ nandivaḍḍhano. evaṃ tvaṃ vijayo hohi, jayassu jayamaṅgale."
25273,jalla,"seyyathā'pi gimhānaṃ pacchime māse ūhataṃ rajo<b>jallaṃ</b>, tam'enaṃ mahāakālamegho ṭhānaso antaradhāpeti vūpasameti"
25725,javana 3,"evaṃ rāg'ādivirahena cakkhuviññāṇamattam'eva me <b>javanaṃ</b> bhavissati, cakkhuviññāṇ'appamāṇen'eva <b>javanaṃ</b> ṭhapessāmī'ti."
26012,jitavā,"bāhuṃ sahassam'abhinimmita sāvudhan'taṃ, grīmekhalaṃ uditaghorasasenamāraṃ, dān'ādidhammavidhinā <b>jitavā</b> mun'indo, tan'tejasā bhavatu te jayamaṅgalāni"
25964,jinasāsana,"kusalānañ'ca dhammānaṃ, paññāya ca parikkhayā.<br/>sabb'ākāravar'ūpetaṃ, lujjate <b>jinasāsanaṃ</b>."
70827,jivhatā,"dvīsu mahāpurisalakkhaṇesu kaṅkhati vicikicchati n'ādhimuccati na sampasīdati, kos'ohite ca vatthaguyhe, pahūta<b>jivhatāya</b> ca."
25956,jīna 1,"<b>jīno</b> rath'assaṃ maṇikuṇḍale ca, putte ca dāre ca that'eva <b>jīno</b>.<br/>sabbesu bhogesu asesitesu, kasmā na santappasi sokakāle."
26110,jīvitindriya 2,"<b>jīvit'indriyaṃ</b>, sukh'indriyaṃ, dukkh'indriyaṃ, somanass'indriyaṃ, domanass'indriyaṃ, upekkh'indriyaṃ"
25788,jeta,"saddhammasenā sugatānugo, yo lokassa pāp'ūpakilesa<b>jetā</b>, santo sayaṃ santiniyojako ca, svākkhātadhammaṃ viditaṃ karoti"
26159,jotipāla,rājā disampati bhavantaṃ <b>jotipālaṃ</b> māṇavaṃ āmantayati
26163,jotirasa,"icchitaṃ patthitaṃ tumhaṃ khippam'eva samijjhatu, sabbe pūrentu saṅkappā, cando paṇṇaraso yathā, maṇi <b>jotiraso</b> yathā"
35842,ñātidhamma,"so <b>ñātidhammo</b> ca ayaṃ nidassito, petāna'pūjā ca katā uḷārā. balañ'ca bhikkhūnam'anuppadinnaṃ, tumhehi puññaṃ pasutaṃ anappakan'ti."
36110,ñāyapaṭipanna,supaṭipanno bhagavato sāvakasaṅgho ujupaṭipanno bhagavato sāvakasaṅgho <b>ñāyapaṭipanno</b> bhagavato sāvakasaṅgho sāmīcipaṭipanno bhagavato sāvakasaṅgho
60618,ṭṭha,"papañ'ca udapānañ'ca, ye dadanti upassayaṃ.<br/>tesaṃ divā ca ratto ca, sadā puññaṃ pavaḍḍhati.<br/>dhamma<b>ṭṭhā</b> sīlasampannā, te janā saggagāmino'ti."
59810,ṭhapeti 5,"are bāla, brāhmaṇa, kiṃ tava ñātakā antaradvāre kahāpaṇaṃ <b>ṭhapenti</b>, parato maṃ harā'ti"
58775,taññeva,ekadā dhammarājā pi gelaññen'ābhipīḷito cundattherena <b>taññ'eva</b> bhaṇāpetvāna sādaraṃ sammoditvā ca ābādhā tamhā vuṭṭhāsi ṭhānaso.
59065,taṭa 1,"sagge kāme ca rūpe, girisikhara<b>taṭe</b> c'antalikkhe vimāne, dīpe raṭṭhe ca gāme, taruvanagahane, gehavatthumhi khette"
59301,tatrābhiratimicchati,"<b>tatr'ābhiratim'iccheyya</b>, hitvā kāme akiñcano, <br/>pariyodapeyya attānaṃ, cittaklesehi paṇḍito."
59127,tathāsamāhita,so <b>tathāsamāhitaṃ</b> cittaṃ sādhukaṃ ajjhupekkhitā hoti
58360,tadatthaṃ,"dhammo padīpo viya tassa satthuno, yo maggapāk'āmatabhedabhinnako, lok'uttaro yo ca <b>tad'attha</b>'dīpano"
59436,tayo 2,"sīlaṃ rakkheyya medhāvī,<br/>patthayāno <b>tayo</b> sukhe,<br/>pasaṃsaṃ vittalābhañ'ca,<br/>pecca sagge pamodanaṃ."
59386,tāvakālika,yācitak'ūpamā kāmā <b>tāvakālik'</b>aṭṭhenā'ti passanto vikkhambhanato kāme parivajjeti
59393,tāvatakena,"te <b>tāvataken</b>'eva attamanā assu, alam'ettāvatā, katam'ettāvatā, anuppatto no sāmaññ'attho, n'atthi no kiñci uttarikaraṇīyan'ti."
60176,tikoṭiparisuddha,"na jānaṃ uddissakataṃ maṃsaṃ paribhuñjitabbaṃ. yo paribhuñjeyya āpatti dukkaṭassa. anujānāmi <b>tikoṭiparisuddhaṃ</b> macchamaṃsaṃ, adiṭṭhaṃ assutaṃ aparisaṅkitan'ti."
60497,tittakagga,"ambil'aggehi'pi, <b>tittak'aggehi</b>'pi, kaṭuk'aggehi'pi, madhur'aggehi'pi, khārikehi'pi, akhārikehi'pi, loṇikehi'pi, aloṇikehi'pi."
60337,tiparivaṭṭa,"yāvakīvañ'ca me, bhikkhave, imesu catūsu ariyasaccesu evan'<b>tiparivaṭṭaṃ</b> dvādas'ākāraṃ yathābhūtaṃ ñāṇadassanaṃ na suvisuddhaṃ ahosi,"
60374,tiracchānakathika,"ye te bhikkhū <b>tiracchānakathikā</b> kāyadaḷhibahulā viharanti tesam'pi ekajjhaṃ sen'āsanaṃ paññapeti, im'āyap'ime āyasmanto ratiyā acchissantī'ti."
60423,tirokaraṇī,jīvako … janaṃ ussāretvā <b>tirokaraṇiyaṃ</b> parikkhipitvā thambhe upanibandhitvā bhariyaṃ purato ṭhapetvā udaracchaviṃ uppāṭetvā antagaṇṭhiṃ nīharitvā bhariyāya dassesi
60192,tilakkhaṇa 1,handa mayaṁ <b>tilakkhaṇ</b>'ādigāthāyo bhaṇāmase
60573,tividhaṃ,puññāni pakatāni me sukhañ'ca <b>tividhaṃ</b> dentu. khippaṃ pāpetha vo'mataṃ.
60388,tīraṇa,"phassaṃ pariññāyā'ti phassaṃ tīhi pariññāhi parijānitvā, ñātapariññāya, <b>tīraṇa</b>pariññāya, pahānapariññāya."
60397,tīreti 1,katamā tīraṇapariññā? evaṃ ñātaṃ katvā phassaṃ <b>tīreti</b>.
60705,tumhaṃ 2,"icchitaṃ patthitaṃ <b>tumhaṃ</b> khippam'eva samijjhatu, sabbe pūrentu saṅkappā, cando paṇṇaraso yathā, maṇi jotiraso yathā"
59628,tettiṃsati,"idāni kho pana dvesahassapañcasata<b>tettiṃsati</b> saṃvaccharāni c'eva, navamāsāni ca, catuvīsatidivasāni atikkantāni."
59605,terasama,"ayaṃ vasabhasaṃvacchare hem'antautu. asmiṃ utumhi māghamāsassa kāḷapakkhe <b>terasamaṃ</b>, candavāram'idan'ti daṭṭhabbaṃ."
59868,theragāthā,handa mayaṃ raṭṭhapāla<b>ttheragāthāyo</b> bhaṇāmase
17983,daṇḍaparāyaṇa,āsītikaṃ vā nāvutikaṃ vā vassasatikaṃ vā jātiyā jiṇṇaṃ gopānasivaṅkaṃ bhoggaṃ <b>daṇḍaparāyaṇaṃ</b> pavedhamānaṃ gacchantaṃ
18219,dasasahassilokadhātu,"ayañca <b>dasasahassilokadhātu</b> saṅkampi sampakampi sampavedhi, appamāṇo ca uḷāro obhāso loke pāturahosi atikkamma devānaṃ dev'ānubhāvanti."
18218,dasasahassī,"ayañ'ca <b>dasasahassī</b> lokadhātu saṅkam'pi sampakam'pi sampavedhi, appamāṇo ca uḷāro obhāso loke pāturahosi atikkamm'eva devānaṃ devānubhāvan'ti."
18322,dassu,aham'etaṃ <b>dassu</b>khīlaṃ vadhena vā bandhena vā jāniyā vā garahāya vā pabbājanāya vā samūhanissāmī'ti
17923,dānamaya,"kusalā cetanā kām'āvacarā rūp'āvacarā <b>dānamayā</b> sīlamayā bhāvanāmayā, ayaṃ vuccati puññ'ābhisaṅkhāro."
17914,dāna 1.2,"atha kho āyasmā raṭṭhapālo sakapitu nivesane n'eva <b>dānaṃ</b> alattha na paccakkhānaṃ, añña'd'atthu akkosam'eva alattha"
18381,dāvaggi,"nāḷāgiriṃ gajavaraṃ atimattabhūtaṃ, <b>dāv'aggi</b>cakkam'asanī'va, sudāruṇan'taṃ, mett'ambusekavidhinā jitavā mun'indo."
17722,dāha 2,dhammaṃ varan'taṃ sirasā namāmi. mohappadālaṃ upasanta<b>dāhaṃ</b>. tan'tejasā te jayasiddhi hotu. sabb'antarāyā ca vināsamentu
19764,diṭṭhippatta,"<b>diṭṭhippatto</b>  idha ekacco puggalo ye te santā vimokkhā atikkamma rūpe āruppā te na kāyena phusitvā viharati, paññāya c'assa disvā ekacce āsavā parikkhīṇā honti, tathāgatappaveditā c'assa dhammā paññāya vodiṭṭhā honti vocaritā."
19727,diṭṭhibyasana,"ñātibyasanena vā phuṭṭhassa, bhogabyasanena vā phuṭṭhassa, rogabyasanena vā phuṭṭhassa, sīlabyasanena vā phuṭṭhassa, <b>diṭṭhibyasanena</b> vā phuṭṭhassa"
19557,dina,"etā pi buddhajayamaṅgalaaṭṭhagāthā, yo vācano <b>dina</b>dine sarate'm'atandī, hitvān'anekavividhāni c'upaddavāni, mokkhaṃ sukhaṃ adhigameyya naro sapañño"
19590,dipādaka,"apādakehi me mettaṃ, mettaṃ <b>dipādakehi</b> me.<br/>catuppadehi me mettaṃ, mettaṃ bahuppadehi me."
20206,dukkhanirodhagāminīpaṭipadā,taṃ kho pan'idaṃ <b>dukkhanirodhagāminīpaṭipadā</b> ariyasaccaṃ bhāvitan'ti
20234,dukkhappatta,"<b>dukkhappattā</b> ca niddukkhā, bhayappattā ca nibbhayā, sokappattā ca nissokā, hontu sabbe pi pāṇino."
20191,dukkhamaddasā,"aniccaṃ aniccato dakkhuṃ, <b>dukkham'addakkhu</b> dukkhato.<br/>anattani anattā'ti, asubhaṃ asubhat'addasuṃ.<br/>sammādiṭṭhisamādānā, sabbaṃ dukkhaṃ upaccagun'ti"
20077,duggāha,"<b>duggāha</b>diṭṭhibhujagena sudaṭṭhahatthaṃ, brahmaṃ visuddhijutim'iddhibak'ābhidhānaṃ, ñāṇāgadena vidhinā jitavā mun'indo"
20356,dunnimitta,"sabbe te rogā, sabbe te bhayā, sabbe te antarāyā, sabbe te upaddavā, sabbe te <b>dunnimittā</b>, sabbe te avamaṅgalā vinassantu"
20325,dumapphala,"<b>dumapphalānī</b>'va patanti māṇavā, daharā ca vuḍḍhā ca sarīrabhedā. <br/>etam'pi disvā pabbajito'mhi rāja, apaṇṇakaṃ sāmaññam'eva seyyo."
20418,durabhisambhava,"moneyyaṃ te upaññissaṃ,<br/>dukkaraṃ <b>durabhisambhavaṃ</b>,<br/>handa te naṃ pavakkhāmi,<br/>santhambhassu daḷho bhava."
20539,dussupina,"yan'dunnimittaṃ avamaṅgalañ'ca, yo c'āmanāpo sakuṇassa saddo, pāpaggaho <b>dussupinaṃ</b> akantaṃ, buddh'ānubhāvena vināsamentu"
21043,duvidhena,"tattha katamo upādānapaccayā bhavo? bhavo <b>duvidhena</b>, atthi kammabhavo, atthi upapattibhavo."
18498,devabhūta,"aggassa dātā medhāvī, aggadhammasamāhito. <b>devabhūto</b> manusso vā, aggappatto pamodatī'ti."
18563,devānubhāva,ayañ'ca dasasahassī lokadhātu saṅkampi sampakampi sampavedhi appamāṇo ca oḷāro obhāso loke pāturahosi atikkamm'eva devānaṃ <b>dev'ānubhāvaṃ</b>.
18425,dehanissita,sabbam'p'idaṃ hāyatu ca jīratu ca bhijjatu ca <b>dehanissitaṃ</b>
19953,dovacassatā,"hirīmā'yaṃ, bhikkhave, ottāpī appamatto hoti. so appamatto samāno bhabbo anādariyaṃ pahātuṃ <b>dovacassataṃ</b> pahātuṃ pāpamittataṃ pahātuṃ."
21129,dvattiṃsā,"āgatāni kho, tāta uttara, amhākaṃ mantesu <b>dvattiṃsa</b>mahāpurisalakkhaṇāni"
21064,dvādasākāra,"yāvakīvañ'ca me, bhikkhave, imesu catūsu ariyasaccesu evan'tiparivaṭṭaṃ <b>dvādas'ākāraṃ</b> yathābhūtaṃ ñāṇadassanaṃ na suvisuddhaṃ ahosi,"
18793,dhammakkhandha,catur'āsītisahassa<b>dhammakkhandha</b>ānubhāvena piṭakattay'ānubhavena jinasāvak'ānubhāvena
18765,dhammagārava 2,handa mayaṃ <b>dhammagārava</b>ādigāthāyo bhaṇāmase
18703,dhammacakkappavattana,handa mayaṃ <b>dhammacakkappavattana</b>suttapāṭhaṃ bhaṇāmase
18704,dhammacakkappavattanasutta,handa mayaṃ <b>dhammacakkappavattanasutta</b>pāṭhaṃ bhaṇāmase
18905,dhammaratana,buddharatanaṃ <b>dhammaratanaṃ</b> saṅgharatanaṃ tiṇṇaṃ ratanānaṃ ānubhāvena
19157,dharamāna,yesaṃ pariññāya <b>dharamāno</b> so bhagavā evaṃ bahulaṃ sāvake vineti
19229,dhātumattaka,"yathā paccayaṃ pavattamānaṃ dhātu-mattam'ev'etaṃ, yad idaṃ piṇḍapāto tad upabhuñjako ca puggalo, dhātumattako nissatto nijjīvo suñño"
19160,dhāraṇa 1,"naccagītavāditavisūkadassanā paṭivirato hoti, mālāgandhavilepana<b>dhāraṇa</b>maṇḍanavibhūsanaṭṭhānā paṭivirato hoti"
19256,dhāva,"ukkhittakhaggamatihatthasudāruṇan'taṃ, <b>dhāvan</b>'tiyojanapath'aṅgulimālavantaṃ. iddhī'bhisaṅkhatamano jitavā mun'indo."
19410,dhutaṅga,"aṭṭha <b>dhut'aṅgāni</b>, āraññik'aṅgaṃ, piṇḍapātik'aṅgaṃ, paṃsukūlik'aṅgaṃ, tecīvarik'aṅgaṃ, sapadānacārik'aṅgaṃ, khalupacchābhattik'aṅgaṃ, nesajjik'aṅgaṃ, yathāsanthatik'aṅgaṃ, idaṃ vuccati vataṃ, na sīlaṃ."
34932,nagaraguttika,"yathā, mahārāja, <b>nagaraguttiko</b> majjhe nagarasiṅghāṭake nisinno passeyya puratthimadisato purisaṃ āgacchantaṃ"
34862,nadita,"atha kiñ'carahi ty'āyaṃ, sāriputta, uḷārā āsabhī vācā bhāsitā, ek'aṃso gahito, sīhanādo <b>nadito</b>"
35488,nandirāgasahagata,yāyaṃ taṇhā ponobbhavikā <b>nandirāgasahagatā</b> tatratatr'ābhinandinī seyyath'īdaṃ kāmataṇhā bhavataṇhā vibhavataṇhā
71045,nanvāgameti,"atītaṃ <b>n'ānvāgameyya</b>, nappaṭikaṅkhe anāgataṃ. yad'atītam'pahīnan'taṃ, appattañ'ca anāgataṃ."
35199,namakāra,handa mayaṃ buddhassa bhagavato pubbabhāga<b>namakāraṃ</b> karomase
35255,namati 2,supaṭipanno bhagavato sāvakasaṅgho saṅghaṃ <b>namāmi</b>
36084,naya 3,es'eva <b>nayo</b> sutamute. mutan'ti tadārammaṇaviññāṇehi saddhiṃ gandharasaphoṭṭhabb'āyatanaṃ veditabbaṃ.
36064,navavidha,uposathakaraṇato pubbe <b>navavidhaṃ</b> pubbakiccaṃ kātabbaṃ hoti:
35734,nāsana,"ye ca atītā sambuddhā, ye ca buddhā anāgatā. <br/>yo c'eta'r'ahi sambuddho, bahunnaṃ soka<b>nāsano</b>."
37070,nijjīva 2,"yathā paccayaṃ pavattamānaṃ dhātumattam'ev'etaṃ, yad idaṃ piṇḍapāto tad upabhuñjako ca puggalo, dhātumattako nissatto <b>nijjīvo</b> suñño,"
36726,nidassita,"so ñātidhammo ca ayaṃ <b>nidassito</b>, petāna'pūjā ca katā uḷārā. balañ'ca bhikkhūnam'anuppadinnaṃ, tumhehi puññaṃ pasutaṃ anappakan'ti."
36741,niddārāmatā,"na kamm'ārāmatā, na bhass'ārāmatā, na <b>nidd'ārāmatā</b>, na saṅgaṇik'ārāmatā, indriyesu guttadvāratā, bhojane mattaññutā, asaṃsagg'ārāmatā, nippapañc'ārāmatā."
36807,niddukkha 1,ahaṃ sukhito homi <b>niddukkho</b> homi avero homi abyāpajjho homi anīgho homi sukhī attānaṃ pariharāmi
37579,nippesika,"kuhanā, lapanā, nemittikatā, <b>nippesikatā</b>, lābhena lābhaṃ nijigiṃsanatā, ayaṃ, bhikkhave, micchāājīvo"
36471,nibbatteti,sayaṃ samattaṃ karoti paripuṇṇaṃ karoti anomaṃ karoti aggaṃ seṭṭhaṃ visiṭṭhaṃ pāmokkhaṃ uttamaṃ pavaraṃ karoti janeti sañjaneti <b>nibbatteti</b> abhinibbattetī'ti
36378,nibbāhāpetvā,tena hi tvaṃ mahante mahante sāṇipasibbake kārāpetvā hiraññasuvaṇṇassa pūrāpetvā sakaṭehi <b>nibbāhāpetvā</b> majjhe gaṅgāya sote osādehi.
36515,nibbhaya,"dukkhappattā ca niddukkhā, bhayappattā ca <b>nibbhayā</b>, sokappattā ca nissokā, hontu sabbe pi pāṇino."
37740,nirodhagāmī,"dukkhe aññāṇaṃ, dukkhasamudaye aññāṇaṃ, dukkhanirodhe aññāṇaṃ, dukkha<b>nirodhagāminiyā</b> paṭipadāya aññāṇaṃ."
37942,nissarati,"no ce'daṃ, bhikkhave, rūpassa nissaraṇaṃ abhavissa na'y'idaṃ sattā rūpasmā <b>nissareyyuṃ</b>. yasmā ca kho, bhikkhave, atthi rūpassa nissaraṇaṃ, tasmā sattā rūpasmā <b>nissaranti</b>."
38000,nissoka,"dukkhappattā ca niddukkhā, bhayappattā ca nibbhayā, sokappattā ca <b>nissokā</b>, hontu sabbe pi pāṇino."
38196,nivedeti,"ñātaṃ ye pattidānam'me anumodantu te sayaṃ, ye c'imaṃ nappajānanti devā tesaṃ <b>nivedayuṃ</b>"
36149,nekatika 2,"<b>nekatikā</b> vañcanikā, kūṭasakkhī apāṭukā.<br/>bahūhi parikappehi, āmisaṃ paribhuñjare."
36141,negama 2,atha kho rājagahako <b>negamo</b> sālavatiṃ kumāriṃ gaṇikaṃ vuṭṭhāpesi.
36246,netti 4,"jātaṃ bhūtaṃ samuppannaṃ, kataṃ saṅkhatam'addhuvaṃ. jarāmaraṇasaṅghāṭaṃ, roganīḷaṃ pabhaṅguraṃ. āhāra<b>netti</b>ppabhavaṃ, n'ālaṃ tad'abhinandituṃ."
36198,nerayika 2,"<b>nerayikena</b> dukkhena phandamānaṃ, tiracchānayonikena dukkhena phandamānaṃ"
36267,nevasaññanāsaññā,"tattha katamo upapattibhavo? kāmabhavo, rūpabhavo, arūpabhavo, saññābhavo, asaññābhavo, <b>n'evasaññān'āsaññā</b>bhavo, ekavokārabhavo, catuvokārabhavo, pañcavokārabhavo"
40661,pakiṇṇaka 1,handa mayaṃ <b>pakiṇṇaka</b>gāthāyo bhaṇāmase
40767,pakkhiya 1,"indriyesu guttadvārā bhavissāma, bhojane mattaññuno, jāgariyaṁ anuyuttā, vipassakā kusalānaṁ dhammānaṁ, pubbaratt'āpararattaṁ bodhi<b>pakkhiyānaṁ</b> dhammānaṁ, bhāvan'ānuyogam'anuyuttā viharissāmā’ti."
39784,pacchābāhaṃ,"gacchatha, bho, imaṃ purisaṃ daḷhāya rajjuyā <b>pacchābāhaṃ</b> gāḷhabandhanaṃ bandhitvā khuramuṇḍaṃ karitvā"
41407,pañcatiṃsati,"idāni kho pana dvesahassapañcasata<b>pañcatiṃsati</b> saṃvaccharāni c'eva, navamāsāni ca, catuvīsatidivasāni atikkantāni."
41408,pañcatiṃsatima,<b>pañcatiṃsatime</b> saṃvacchare vesākhapuṇṇamiyaṃ sammā sambodhiṃ abhisambujjhitvā
41268,pañcadasa,"idāni kho pana dvesahassapañcasatatesaṭṭhi saṃvaccharāni c'eva, navamāsāni ca, <b>pañcadasa</b>divasāni atikkantāni."
41433,pañcavīsati,"idāni kho pana dvesahassapañcasatatesaṭṭhi saṃvaccharāni c'eva, navamāsāni ca, <b>pañcavīsati</b>divasāni atikkantāni."
41729,paññapeti 3,"idha, bhante, amhākaṃ yo paṭhamaṃ gāmato piṇḍāya paṭikkamati so āsanāni <b>paññapeti</b>, pānīyaṃ paribhojanīyaṃ upaṭṭhāpeti, avakkārapātiṃ upaṭṭhāpeti"
44893,paṭikata,"yo ca kho mātāpitaro duppaññe paññāsampadāya samādapeti niveseti patiṭṭhāpeti, .. ettāvatā kho mātāpitūnaṃ katañ'ca hoti <b>paṭikatañ</b>'ca"
45091,paṭinivatti,"mataṃ me jīvitā seyyaṃ, tasmā araññaṃ pavisitvā ubbandhitvā marissāmī'ti araññaṃ gato maraṇabhayatajjito <b>paṭinivatti</b>."
45336,paṭisandhi 3,"suddhodanamahārājānaṃ nissāya mahāmāyādeviyā kucchismiṃ <b>paṭisandhiṃ</b> gaṇhitvā, dasamās'accayena mātu kucchito nikkhamitvā"
45261,paṭisallānārāmatthaṃ,paṭisaṅkhā yoniso sen'āsanaṃ paṭisevāmi yāva'd'eva sītassa paṭighātāya uṇhassa paṭighātāya ḍaṃsamakasavāt'ātapasiriṃsapasamphassānaṃ paṭighātāya yāva'd'eva utuparissayavinodanaṃ <b>paṭisallān'ārām'atthaṃ</b>
45318,paṭisaṃvidita 3,rūpappaṭisaṃvedī'ti nīlapīt'ādibhedaṃ ārammaṇaṃ vavatthāpento rūpaṃ <b>paṭisaṃviditaṃ</b> karoti
44791,paṭihaṅkhāmi,iti purāṇañ'ca vedanaṃ <b>paṭihaṅkhāmi</b> navañ'ca vedanaṃ na-uppādessāmi yātrā ca me bhavissati anavajjatā ca phāsuvihāro cā'ti
44490,paṭhavī,"aciraṃ vat'ayaṃ kāyo, <b>paṭhaviṃ</b> adhisessati.<br/>chuḍḍho apetaviññāṇo, niratthaṃ'va kaliṅgaraṃ."
41188,paṇāma,handa mayaṃ ratanattaya<b>paṇāma</b>gāthāyo c'eva saṃvegaparikittanapāṭhañca bhaṇāmase
41198,paṇāmenta,"atha kho so bhikkhu vihāraṃ pavisissāmī'ti kavāṭaṃ <b>paṇāmento</b> addasa sabbaṃ vihāraṃ ahinā puṇṇaṃ, vātapānehi bhoge nikkhante, disvāna bhīto vissaram'akāsi."
41569,paṇīdhi,"padakkhiṇaṃ kāyakammaṃ, vācākammaṃ padakkhiṇaṃ, padakkhiṇaṃ manokammaṃ <b>paṇīdhi</b> te padakkhiṇe. padakkhiṇāni katvāna, labhant'atthe padakkhiṇe."
41457,paṇḍaka 2,gahaṭṭha<b>paṇḍak</b>'ādayo ekavīsati vajjanīyā puggalā hatthapāsato bahikaraṇavasena vajjetabbā. te asmiṃ na honti.
45679,pattakamma,"sa kho so, gahapati, ariyasāvako uṭṭhānavīriy'ādhigatehi bhogehi bāhābalaparicitehi sed'āvakkhittehi dhammikehi dhammaladdhehi imāni cattāri <b>pattakammāni</b> kattā hoti."
45793,pattidāna,"ñātaṃ ye <b>pattidānam</b>'me anumodantu te sayaṃ, ye c'imaṃ nappajānanti devā tesaṃ nivedayuṃ"
40047,padāla,dhammaṃ varan'taṃ sirasā namāmi. moha<b>ppadālaṃ</b> upasantadāhaṃ. tan'tejasā te jayasiddhi hotu. sabb'antarāyā ca vināsamentu
40211,paditta 1,"seyyathā'pi, bhikkhave, chav'ālātaṃ ubhato<b>padittaṃ</b> majjhe gūthagataṃ, n'eva gāme kaṭṭh'atthaṃ pharati, n'āraññe kaṭṭh'atthaṃ pharati."
40276,paduṭṭha 2,"byāpannacitto hoti <b>paduṭṭha</b>manasaṅkappo, ime sattā haññantu vā bajjhantu vā ucchijjantu vā vinassantu vā mā vā ahesun'ti."
71056,panidaṃ,taṃ kho <b>pan'idaṃ</b> dukkhasamudayaṃ ariyasaccaṃ pahātabban'ti
71059,panūdati,"chinda sotaṃ parakkamma, kāme <b>panūda</b> brāhmaṇa. <br/>nappahāya munī kāme, n'ekattam'upapajjati."
39467,pabhāva,puññaṃ mayā yaṃ mama sabb'upaddavā mā hontu ve tassa <b>pabhāva</b>siddhiyā
46171,payirupāsanta,"idha saddhājāto upasaṅkamati, upasaṅkamanto payirupāsati, <b>payirupāsanto</b> sotaṃ odahati, ohitasoto dhammaṃ suṇāti, sutvā dhammaṃ dhāreti, dhatānaṃ dhammānaṃ atthaṃ upaparikkhati,"
42236,parāmasati 2,"tato ca uttaritaraṃ pajānāti, tañ'ca pajānanaṃ na <b>parāmasati</b>, aparāmasato c'assa paccattaññ'eva nibbuti viditā."
42403,parāyaṇa 3,sītikaṃ vā nāvutikaṃ vā vassasatikaṃ vā jātiyā jiṇṇaṃ gopānasivaṅkaṃ bhoggaṃ daṇḍa<b>parāyaṇaṃ </b>pavedhamānaṃ gacchantaṃ
42869,parikittana,handa mayaṃ ratanattayapaṇāmagāthāyo c'eva saṃvega<b>parikittana</b>pāṭhañca bhaṇāmase
42879,parikkhā,"seyyathā'pi rañño paccantime nagare <b>parikkhā</b> hoti gambhīrā c'eva vitthatā ca evam'evaṃ kho ariyasāvako hirīmā hoti, hirīyati kāyaduccaritena vacīduccaritena manoduccaritena"
42596,pariccajitvā,"<b>pariccajitvā</b> saddhammaṃ, aññam'aññehi bhaṇḍare.<br/>diṭṭhigatāni anventā, idaṃ seyyo'ti maññare."
42808,parijjhāyanā,"cetaso <b>parijjhāyanā</b> domanassaṃ sokasallaṃ, ayaṃ vuccati soko."
42670,paridīpaka,handa mayaṃ khem'ākhemasaraṇagamana<b>paridīpikā</b>gāthāyo<br/>bhaṇāmase
43070,pariniṭṭhita,"tattha purimesu catūsu kiccesu idāni suriy'ālokassa atthitāya n'atthi, aparāni tīṇi bhikkhūnaṃ vattaṃ jānantehi bhikkhūhi katāni <b>pariniṭṭhitāni</b> honti."
43045,parinibbānika,dhammo ca desito niyyāniko upasamiko <b>parinibbāniko</b> sambodhagāmī sugatappavedito
42428,paribāhira,"saṅghalābhassa bhaṇḍanti, saṅghato <b>paribāhirā</b>.<br/>paralābhopajīvantā, ahirīkā na lajjare."
42944,parimaddana 2,api ca kho mātugāmassa ucchādana<b>parimaddana</b>nhāpanasambāhanaṃ sādiyati.
43523,parivīmaṃsamāpajjanta,tassa taṃ dhammaṃ paññāya pavicinato pavicarato <b>parivīmaṃsam'āpajjato</b> āraddhaṃ hoti vīriyaṃ asallīnaṃ
42742,parihāpeti,"dukkhaṃ, bhikkhave, kusīto viharati vokiṇṇo pāpakehi akusalehi dhammehi, mahantañ'ca sadatthaṃ <b>parihāpeti</b>."
43854,pasanna 5,"aggato ve <b>pasannānaṃ</b>, aggaṃ dhammaṃ vijānataṃ. agge buddhe pasannānaṃ, dakkhiṇeyye anuttare."
43972,passasitvā,"aho vat'āhaṃ tad'antaraṃ jīveyyaṃ yad'antaraṃ assasitvā vā passasāmi, <b>passasitvā</b> vā assasāmi, bhagavato sāsanaṃ manasi kareyyaṃ, bahu vata me kataṃ assā'ti"
71064,passasissati,"anicc'ānupassī assasissāmī'ti sikkhati, anicc'ānupassī <b>passasissāmī</b>'ti sikkhati"
43992,passita,"abhijānāsi no tvaṃ, rājañña, divā seyyaṃ upagato supinakaṃ <b>passitā</b> ārāmarāmaṇeyyakaṃ vanarāmaṇeyyakaṃ bhūmirāmaṇeyyakaṃ pokkharaṇīrāmaṇeyyakan'ti?"
45944,pavattana 2,handa mayaṃ dhammacakka<b>ppavattana</b>suttapāṭhaṃ bhaṇāmase
45942,pavattamāna 2,"yathā paccayaṃ <b>pavattamānaṃ</b> dhātumattam'ev'etaṃ, yad idaṃ piṇḍapāto tad upabhuñjako ca puggalo, dhātumattako nissatto nijjīvo suñño,"
46050,pavicaranta,tassa taṃ dhammaṃ paññāya pavicinato <b>pavicarato</b> parivīmaṃsam'āpajjato āraddhaṃ hoti vīriyaṃ asallīnaṃ
40567,pāka 2,"dhammo padīpo viya tassa satthuno, yo magga<b>pāk'</b>āmatabhedabhinnako, lok'uttaro yo ca tad'attha'dīpano"
44118,pāṭha 1,"ajja't'agge'ti ajjataṃ ādiṃ katvā, ajja'd'agge'ti vā <b>pāṭho</b>, dakāro padasandhikaro, ajja aggaṃ katvā'ti vuttaṃ hoti."
44119,pāṭha 2,handa mayaṃ ratanattayapaṇāmagāthāyo c'eva saṃvegaparikittana<b>pāṭhañ</b>'ca bhaṇāmase
42019,pāpesi 2,"yo cakkhumā mohamal'āpakaṭṭho, sāmaṃ va buddho sugato vimutto, mārassa pāsā vinimocayanto, <b>pāpesi</b> khemaṃ janataṃ vineyyaṃ"
41091,pāmokkha 2,asukasmiṃ nāma āvāse saṅgho viharati sathero sa<b>pāmokkho</b>. tassa me saṅghassa sammukhā sutaṃ sammukhā paṭiggahitaṃ
46163,pāyeti,"yathā, mahārāja, koci'd'eva puriso visaṃ abhisaṅkharitvā attanā ca piveyya, pare ca <b>pāyeyya</b>, so attanā'pi dukkhito bhaveyya, pare'pi dukkhitā bhaveyyuṃ."
42326,pārāpariyattheragāthā 3,handa mayaṃ <b>pārāpariyattheragāthāyo</b> bhaṇāmase
45844,pāvacana 2,"siyā kho pan'ānanda, tumhākaṃ evam'assa, atītasatthukaṃ <b>pāvacanaṃ</b>, n'atthi no satthā'ti."
46924,piṭakattaya,catur'āsītisahassadhammakkhandh'ānubhāvena <b>piṭakattay</b>'ānubhavena jinasāvak'ānubhāvena
47925,puṭaṃsa,"yathārūpaṃ parisaṃ alaṃ yojanagaṇanāni'pi dassanāya gantuṃ api <b>puṭ'aṃsenā</b>'pi, tathārūpo ayaṃ, bhikkhave, bhikkhusaṅgho."
47918,puṭa 2,"yathārūpaṃ parisaṃ alaṃ yojanagaṇanāni'pi dassanāya gantuṃ api <b>puṭ'</b>aṃsenā'pi, tathārūpo ayaṃ, bhikkhave, bhikkhusaṅgho."
47611,puṇṇaka,"ye kec'ime isayo manujā, (icc'āyasmā <b>puṇṇako</b>)<br/>khattiyā brāhmaṇā devatānaṃ."
47632,puṇṇamī,pañcatiṃsatime saṃvacchare vesākha<b>puṇṇamiyaṃ</b> sammā sambodhiṃ abhisambujjhitvā
48022,puttamaṃsa,dve jāyam'patikā taṃ ekaputtakaṃ piyaṃ manāpaṃ vadhitvā vallūrañ'ca soṇḍikañ'ca karitvā <b>puttamaṃsāni</b> khādantā
47276,pubbabhāga 3,handa mayaṃ buddhassa bhagavato <b>pubbabhāga</b>namakāraṃ karomase
47905,purisindriya,"bāvīsat'indriyāni, cakkhu'ndriyaṃ, sot'indriyaṃ, ghān'indriyaṃ, jivh'indriyaṃ, kāy'indriyaṃ, man'indriyaṃ, itth'indriyaṃ, <b>puris'indriyaṃ</b>"
47759,pūrāpetvā,tena hi tvaṃ mahante mahante sāṇipasibbake kārāpetvā hiraññasuvaṇṇassa <b>pūrāpetvā</b> sakaṭehi nibbāhāpetvā majjhe gaṅgāya sote osādehi.
47795,pūreti 1,"icchitaṃ patthitaṃ tumhaṃ khippam'eva samijjhatu, sabbe <b>pūrentu</b> saṅkappā, cando paṇṇaraso yathā, maṇi jotiraso yathā"
46297,pessaka,"kassako kammunā hoti, sippiko hoti kammunā.<br/>vāṇijo kammunā hoti, <b>pessako</b> hoti kammunā."
46349,phagguṇa,"ayaṃ vasabhasaṃvacchare hem'antautu. asmiṃ utumhi <b>phagguṇa</b>māsassa kāḷapakkhe catutthaṃ, ravivāram'idan'ti daṭṭhabbaṃ."
46472,pharati 2,"seyyathā'pi, bhikkhave, chav'ālātaṃ ubhatopadittaṃ majjhe gūthagataṃ, n'eva gāme kaṭṭh'atthaṃ <b>pharati</b>, n'āraññe kaṭṭh'atthaṃ <b>pharati</b>."
46479,pharitvāna,<b>pharitvāna</b> mettaṃ samettā bhadantā avikkhittacittā parittaṃ bhaṇantu
46536,phāsuka 2,"idha yassa te honti aniṭṭhā akantā amanāpā rūpā saddā gandhā rasā phoṭṭhabbā dhammā, ye vā pan'assa te honti anatthakāmā ahitakāmā a<b>phāsuka</b>kāmā ayogakkhemakāmā"
46636,phusita 3,"evaṃ nānappayātamhi, na dāni sukaraṃ tathā.<br/>a'<b>phusitaṃ</b> vā phusituṃ, <b>phusitaṃ</b> v'ānurakkhituṃ."
46640,phusituṃ,"evaṃ nānappayātamhi, na dāni sukaraṃ tathā.<br/>a'phusitaṃ vā <b>phusituṃ</b>, phusitaṃ v'ānurakkhituṃ."
46642,phusitvā 2,idha ekacco puggalo ye te santā vimokkhā atikkamma rūpe āruppā te kāyena <b>phusitvā</b> viharati paññāya c'assa disvā āsavā parikkhīṇā honti.
46646,phussa 2.1,"ayaṃ vasabhasaṃvacchare hem'antautu. asmiṃ utumhi <b>phussa</b>māsassa kāḷapakkhe catutthaṃ, ravivāram'idan'ti daṭṭhabbaṃ."
13603,bara,"buddho susuddho karuṇāmah'aṇṇavo, yo'ccantasuddha<b>bbara</b>ñāṇalocano, lokassa pāp'ūpakilesaghātako"
13446,balappatta,"sabbe buddhā <b>balappattā</b>, paccekānañ'ca yaṃ balaṃ, arahantānañ'ca tejena, rakkhaṃ bandhāmi sabbaso."
13168,bahigata,"moggallāna, pacchāpuresaññī caṅkamaṃ adhiṭṭhaheyyāsi antogatehi indriyehi a'<b>bahigatena</b> mānasena"
13161,bahiddha,ajjhattā dhammā. <b>bahiddhā</b> dhammā. ajjhatta<b>bahiddhā</b> dhammā.
13624,bāvīsati,"<b>bāvīsat'</b>indriyāni, cakkhu'ndriyaṃ, sot'indriyaṃ, ghān'indriyaṃ, jivh'indriyaṃ, kāy'indriyaṃ, man'indriyaṃ, itth'indriyaṃ, puris'indriyaṃ"
15003,bimbohana,"bhavissanti, bhikkhave, anāgatam'addhānaṃ licchavī sukhumālā mudutalunahatthapādā te mudukāsu seyyāsu tūla<b>bimbohanāsu</b> yāvasūriy'uggamanā seyyaṃ kappissanti."
15327,buddhāna,"sabbapāpassa akaraṇaṃ, kusalassa upasampadā. <br/>sacittapariyodapanaṃ, etaṃ <b>buddhāna</b> sāsanaṃ."
15335,buddhānubhāva,"bhavatu sabbamaṅgalaṃ, rakkhantu sabbadevatā, <br/>sabba<b>buddh'ānubhāvena</b>, sadā sotthi bhavantu te"
15045,bodhipakkhiya,"indriyesu guttadvārā bhavissāma, bhojane mattaññuno, jāgariyaṃ anuyuttā, vipassakā kusalānaṃ dhammānaṃ, pubbarattāpararattaṃ <b>bodhipakkhiyānaṃ</b> dhammānaṃ, bhāvanānuyogamanuyuttā viharissāmā'ti"
15504,byanta,"so kho ahaṃ, bhikkhave, uppann'uppannaṃ kāmavitakkaṃ pajaham'eva vinodam'eva <b>byantam</b>'eva naṃ akāsiṃ."
70976,byākarissati,upasaṅkamitvā bhagavato etam'atthaṃ ārocessāma. yathā no bhagavā <b>byākarissati</b> tathā naṃ dhāressāmā'ti.
70758,brahmasama,"tuvañ'hi no <b>brahmasamo</b>'si saccaṃ,<br/>kathaṃ upapajjati brahmalokaṃ jutima."
13743,bhagavati,"tasmiṃ <b>bhagavati</b> brahmacariyaṃ carāma, bhikkhūnaṃ sikkhāsājīvasamāpannā"
13876,bhaṇanta 2,"na muṇḍakena samaṇo, abbato alikaṃ <b>bhaṇaṃ</b>. <br/>icchālobhasamāpanno, samaṇo kiṃ bhavissati."
13879,bhaṇāpetvāna,ekadā dhammarājā pi gelaññen'ābhipīḷito cundattherena taññ'eva <b>bhaṇāpetvāna</b> sādaraṃ sammoditvā ca ābādhā tamhā vuṭṭhāsi ṭhānaso.
13873,bhaṇāmase,handa mayaṃ ratanattayapaṇāmagāthāyo c'eva saṃvegaparikittanapāṭhañca <b>bhaṇāmase</b>
13903,bhaṇḍati,"pariccajitvā saddhammaṃ, aññam'aññehi <b>bhaṇḍare</b>.<br/>diṭṭhigatāni anventā, idaṃ seyyo'ti maññare."
14372,bhayaṭṭa,"tañ'ca kho etaṃ, bhikkhave, kulaputtā upenti atthavasikā, atthavasaṃ paṭicca, n'eva rāj'ābhinītā, na cor'ābhinītā, na iṇ'aṭṭā, na <b>bhay'aṭṭā</b>, na ājīvikāpakatā."
14351,bhayānaka,"katamo pana, bhante, imamhā papātā añño papāto mahantataro ca <b>bhayānaka</b>taro cā'ti?"
14251,bhavasāta,"bhavasātabaddhā'ti. ekaṃ <b>bhavasātaṃ</b>, sukhā vedanā. dve bhavasātāni, sukhā ca vedanā iṭṭhañ'ca vatthu. tīṇi bhavasātāni, yobbaññaṃ, ārogyaṃ, jīvitaṃ."
13775,bhāgya,jayasiddhi dhanaṃ lābhaṃ sotthi <b>bhāgyaṃ</b> sukhaṃ balaṃ siri āyu ca vaṇṇo ca bhogaṃ vuḍḍhī ca yasavā satavassā ca āyū ca jīvasiddhī bhavantu te.
14369,bhāyati 2,"sabbe tasanti daṇḍassa, sabbe <b>bhāyanti</b> maccuno,<br/>attānaṃ upamaṃ katvā, na haneyya na ghātaye."
13982,bhārasutta,handa mayaṃ <b>bhārasutta</b>gāthāyo bhaṇāmase
14185,bhāvanāmaya,"kusalā cetanā kām'āvacarā rūp'āvacarā dānamayā sīlamayā <b>bhāvanāmayā</b>, ayaṃ vuccati puññ'ābhisaṅkhāro."
14493,bhikkhugaṇanā,"utu'kkhānañ'ca, <b>bhikkhugaṇanā</b>'ca, bhikkhunīnam'ovādo cā'ti."
14582,bhiṅkāra,atha kho rājā māgadho seniyo bimbisāro sovaṇṇamayaṃ <b>bhiṅkāraṃ</b> gahetvā bhagavato oṇojesi
14586,bhinnaka 1,"dhammo padīpo viya tassa satthuno, yo magga-pāk'āmata-bheda-bhinnako, lok'uttaro yo ca tadattha'dīpano"
14740,bhujaga,"nandopananda<b>bhujagaṃ</b> vibudhaṃ mah'iddhiṃ, puttena therabhujagena dam'āpayanto, iddh'ūpadesavidhinā jitavā mun'indo"
31757,macchamaṃsa,"na jānaṃ uddissakataṃ maṃsaṃ paribhuñjitabbaṃ. yo paribhuñjeyya āpatti dukkaṭassa. anujānāmi tikoṭiparisuddhaṃ <b>macchamaṃsaṃ</b>, adiṭṭhaṃ assutaṃ aparisaṅkitan'ti."
32588,majjhatta 2,"brahmamārā ca indā ca lokapālā ca devatā, yamo, mittā manussā ca <b>majjhattā</b> verikā'pi ca, sabbe sattā sukhī hontu."
32616,majjhimapaṭipadā,"ete kho, bhikkhave, ubho ante anupagamma <b>majjhimā</b> <b>paṭipadā</b> tathāgatena abhisambuddhā cakkhukaraṇī ñāṇakaraṇī upasamāya abhiññāya sambodhāya nibbānāya saṃvattati"
33144,mañjiṭṭha,seyyathā'pi udapatto saṃsaṭṭho lākhāya vā haliddiyā vā nīliyā vā <b>mañjiṭṭhāya</b> vā. tattha cakkhumā puriso sakaṃ mukhanimittaṃ paccavekkhamāno yathābhūtaṃ na jāneyya na passeyya.
33179,maññati 1,yāvakīvañ'ca bhikkhave bhikkhū ye te bhikkhū therā rattaññū cirapabbajitā saṅghapitaro saṅghapariṇāyakā te sakkarissanti garuṃ karissanti mānessanti pūjessanti tesañ'ca sotabbaṃ <b>maññissanti</b>
33022,maṇḍapeyya,"<b>maṇḍapeyyam</b>'idaṃ, bhikkhave, brahmacariyaṃ, satthā sammukhībhūto."
33637,mattā 2,"sītavātaparittāṇaṃ, hirikopīnachādanaṃ.<br/><b>matt'</b>aṭṭhiyaṃ abhuñjiṃsu, santuṭṭhā itar'ītare."
31882,madhuragga 2,"ambil'aggehi'pi, tittak'aggehi'pi, kaṭuk'aggehi'pi, <b>madhur'aggehi</b>'pi, khārikehi'pi, akhārikehi'pi, loṇikehi'pi, aloṇikehi'pi."
32935,manasikaritvā,rattiyā majjhimaṃ yāmaṃ dakkhiṇena passena sīhaseyyaṃ kappeyyāsi pāde pādaṃ accādhāya sato sampajāno uṭṭhānasaññaṃ <b>manasikaritvā</b>
32788,mamaccayena,"yo vo, ānanda, mayā dhammo ca vinayo ca desito paññatto, so vo <b>mam'accayena</b> satthā."
32792,mamaṃ 2,"ye santāne hīnā dhammā, yāva nibbānato <b>mamaṃ</b> nassantu sabbadā y'eva."
33451,maraṇapariyosāna,"addhuvaṃ me jīvitaṃ, dhuvaṃ me maraṇaṃ, avassaṃ mayā maritabbaṃ, <b>maraṇapariyosānaṃ</b> me jīvitaṃ, jīvitaṃ me aniyataṃ , maraṇaṃ me niyataṃ"
33501,mari,"sabbe sattā maranti ca <b>mariṃsu</b> ca marissare, tath'ev'āhaṃ marissāmi, n'atthi me ettha saṃsayo"
33515,maritabba,"addhuvaṃ me jīvitaṃ, dhuvaṃ me maraṇaṃ, avassaṃ mayā <b>maritabbaṃ</b>, maraṇapariyosānaṃ me jīvitaṃ, jīvitaṃ me aniyataṃ , maraṇaṃ me niyataṃ"
32242,mahaṇṇava,"buddho susuddho karuṇā<b>mah'aṇṇavo</b>, yo'ccantasuddhabbarañāṇalocano, lokassa pāp'ūpakilesaghātako"
32415,mahattamabhikaṅkhatā,"tasmā hi attakāmena, <b>mahattam'abhikaṅkhatā</b>. <br/>saddhammo garukātabbo, saraṃ buddhāna sāsanan'ti."
32179,mahallikā 1,"tassā hi nāma, āvuso, bāhirāya pathavīdhātuyā tāva <b>mahallikāya</b> aniccatā paññāyissati, khayadhammatā paññāyissati, vayadhammatā paññāyissati, vipariṇāmadhammatā paññāyissati."
32265,mahāpajāpati,ekam'antaṃ ṭhitā kho sā <b>mahāpajāpatī</b> gotamī bhagavantaṃ etad'avoca
32020,mahābandhana,"mutt'āhaṃ sabbapāsehi, ye dibbā ye ca mānusā.<br/><b>mahābandhana</b>mutto'mhi, nihato tvam'asi antakā'ti."
32483,mahāya,"sace pan'āyaṃ kulaputto <b>mah'āyo</b> samāno kasiraṃ jīvikaṃ kappeti, tassa bhavanti vattāro, ajaddhumārikaṃ v'āyaṃ kulaputto marissatī'ti"
31917,māgasira,"ayaṃ vasabhasaṃvacchare hem'antautu. asmiṃ utumhi <b>māgasira</b>māsassa kāḷapakkhe catutthaṃ, ravivāram'idan'ti daṭṭhabbaṃ."
31996,māgha 2,"ayaṃ vasabhasaṃvacchare hem'antautu. asmiṃ utumhi <b>māgha</b>māsassa kāḷapakkhe catutthaṃ, ravivāram'idan'ti daṭṭhabbaṃ."
71041,mātāpitūpaṭṭhāna,"<b>mātāpit'ūpaṭṭhānaṃ</b>, puttadārassa saṅgaho.<br/>anākulā ca kamm'antā, etaṃ maṅgalam'uttamaṃ."
33326,mānusiya,"tasmā hi bhūtā nisāmetha sabbe, mettaṃ karotha mānusiyā pajāya.<br/>divā ca ratto ca haranti ye baliṃ, tasmā hi ne rakkhatha appamattā."
33750,māyākārantevāsī,"seyyathā'pi, bhikkhave, māyākāro vā <b>māyākār'antevāsī</b> vā catumahāpathe māyaṃ vidaṃseyya."
32732,mālavant,"ukkhittakhaggamatihatthasudāruṇan'taṃ, dhāvan'tiyojanapath'aṅguli<b>mālavantaṃ</b>. iddhī'bhisaṅkhatamano jitavā mun'indo."
31732,mā ahosi,"yasmā ca kho, bhikkhave, rūpaṃ anattā, tasmā rūpaṃ ābādhāya saṃvattati, na ca labbhati rūpe, evaṃ me rūpaṃ hotu, evaṃ me rūpaṃ <b>mā ahosī'</b>ti."
71039,mā pamādattha,"etāni, bhikkhave, rukkhamūlāni, etāni suññ'āgārāni. jhāyatha, bhikkhave, <b>mā</b> <b>pamād'attha</b>, mā pacchā vippaṭisārino ahuvattha. ayaṃ vo amhākaṃ anusāsanī'ti."
33970,micchatta 2,<b>micchatta</b>niyatā dhammā. sammattaniyatā dhammā. aniyatā dhammā
34308,mucci 2,"ekasmiṃ samaye nātho moggallānañ'ca kassapaṃ gilāne dukkhite disvā, bojjh'aṅge satta desayi. te ca taṃ abhinanditvā rogā <b>mucciṃsu</b> taṅ'khaṇe."
34657,muṭṭhasacca,so an'upārambhacitto samāno bhabbo <b>muṭṭhassaccaṃ</b> pahātuṃ asampajaññaṃ pahātuṃ cetaso vikkhepaṃ pahātuṃ.
34564,muninda,"bāhuṃ sahassam'abhinimmita sāvudhan'taṃ, grīmekhalaṃ uditaghorasasenamāraṃ, dān'ādidhammavidhinā jitavā <b>mun'indo</b>, tan'tejasā bhavatu te jayamaṅgalāni"
34582,musala 2,dutiyo <b>musalo</b> paripatitvā aññatarassa dārakassa matthake avatthāsi. so kālamakāsi.
33871,mettacittena,"kālena ca bhāsitā hoti, saccā ca bhāsitā hoti, saṇhā ca bhāsitā hoti, atthasaṃhitā ca bhāsitā hoti, <b>mettacittena</b> ca bhāsitā hoti."
69576,yaṅkiñci,<b>yaṅ'kiñci</b> rūpaṃ atīt'ānāgatapaccuppannaṃ ajjhattaṃ vā bahiddhā vā oḷārikaṃ vā sukhumaṃ vā
69764,yathāpaññatta,"yāvakīvañ'ca bhikkhave bhikkhū apaññattaṃ na paññāpessanti, paññattaṃ na samucchindissanti, <b>yathāpaññattesu</b> sikkhāpadesu samādāya vattissanti"
71821,yānī 2,mettāya cetovimuttiyā āsevitāya bhāvitāya bahulīkatāya y<b>ānī</b>katāya vatthukatāya anuṭṭhitāya paricitāya susamāraddhāya ekādas'ānisaṃsā pāṭikaṅkhā.
69945,yāyaṃ 2,<b>yāyaṃ</b> taṇhā ponobbhavikā nandirāgasahagatā tatratatr'ābhinandinī seyyath'īdaṃ kāmataṇhā bhavataṇhā vibhavataṇhā
69999,yeva,"diṭṭhā vā <b>y'eva</b> adiṭṭhā, ye сa dūre vasanti avidūre <br/>bhūtā vā sambhav'esī vā, sabbe sattā bhavantu sukhit'attā."
70013,yobbañña,"bhavasātabaddhā'ti. ekaṃ bhavasātaṃ, sukhā vedanā. dve bhavasātāni, sukhā ca vedanā iṭṭhañ'ca vatthu. tīṇi bhavasātāni, y<b>obbaññaṃ</b>, ārogyaṃ, jīvitaṃ."
48387,rakkhasa,"te kilesā pavaḍḍhantā, āvisanti bahuṃ janaṃ.<br/>kīḷanti maññe bālehi, ummattehi'va <b>rakkhasā</b>."
48367,rajopatha,sambādho ghar'āvāso <b>rajopatho</b> abbhokāso pabbajjā.
48338,rajjana,n'āhaṃ taṃ pamāṇaṃ atikkamitvā <b>rajjan</b>'ādivasena uppajjituṃ dassāmī'ti evam'ettha attho daṭṭhabbo.
48665,raṭṭhapāla,"atha kho āyasmā <b>raṭṭhapālo</b> sakapitu nivesane n'eva dānaṃ alattha na paccakkhānaṃ, añña'd'atthu akkosam'eva alattha"
48667,raṭṭhapālattheragāthā,handa mayaṃ <b>raṭṭhapālattheragāthāyo</b> bhaṇāmase
48576,ratanattaya,"icc'evam accantanamassanīyaṃ namassamāno <b>ratanattayaṃ</b> yaṃ puññ'ābhisandaṃ vipulaṃ alatthaṃ, tass'ānubhāvena hat'antarāyo."
48428,ramaṇīya 2,"<b>ramaṇīyāni</b> araññāni, yattha na ramatī jano,<br/>vītarāgā ramissanti, na te kāmagavesino."
48712,ravi 2.1,"ayaṃ vasabhasaṃvacchare hem'antautu. asmiṃ utumhi māghamāsassa kāḷapakkhe catutthaṃ, <b>ravi</b>vāram'idan'ti daṭṭhabbaṃ."
48066,rādha,"sāvatthinidānaṃ. atha kho āyasmā <b>rādho</b> yena bhagavā ten'upasaṅkami, upasaṅkamitvā bhagavantaṃ etad'avoca"
48932,rumhaniya,"saddhassa, bhikkhave, sāvakassa satthusāsane pariyogāya vattato <b>rumhaniyaṃ</b> satthusāsanaṃ hoti ojavantaṃ."
48992,rūpakkhandha,"pañcakkhandhā, <b>rūpakkhandho</b> vedanākkhandho saññākkhandho saṅkhārakkhandho viññāṇakkhandho."
49086,rūpāvacara,"kusalā cetanā kām'āvacarā <b>rūp'āvacarā</b> dānamayā sīlamayā bhāvanāmayā, ayaṃ vuccati puññ'ābhisaṅkhāro."
49129,rūpūpādānakkhandha,"seyyath'īdaṃ <b>rūp'ūpādānakkhandho</b>, vedan'ūpādānakkhandho, saññ'ūpādānakkhandho, saṅkhār'ūpādānakkhandho, viññāṇ'ūpādānakkhandho"
48796,rohitassa,"bhūtapubb'āhaṃ, bhante, <b>rohitasso</b> nāma isi ahosiṃ bhojaputto iddhimā vehāsaṅ'gamo."
30969,labbhetha,"rūpaṃ, bhikkhave, anattā. rūpañ'ca h'idaṃ, bhikkhave, attā abhavissa, na'y'idaṃ rūpaṃ ābādhāya saṃvatteyya, <b>labbhetha</b> ca rūpe, evaṃ me rūpaṃ hotu, evaṃ me rūpaṃ mā ahosī'ti."
31170,lālappa,"ādevitattaṃ paridevitattaṃ palāpo vippalāpo <b>lālappo</b> lālappanā lālappitattaṃ, ayaṃ vuccati paridevo."
31171,lālappanā,"ādevitattaṃ paridevitattaṃ palāpo vippalāpo lālappo <b>lālappanā</b> lālappitattaṃ, ayaṃ vuccati paridevo."
31172,lālappitatta,"ādevitattaṃ paridevitattaṃ palāpo vippalāpo lālappo lālappanā <b>lālappitattaṃ</b>, ayaṃ vuccati paridevo."
31676,luddha 2,"passāmi loke sadhane manusse, laddhāna vittaṃ na dadanti mohā. <br/><b>luddhā</b> dhanaṃ sannicayaṃ karonti, bhiyyo'va kāme abhipatthayanti."
31542,lokapāla,"brahmamārā ca indā ca <b>lokapālā</b> ca devatā, yamo, mittā manussā ca majjhattā verikā'pi ca, sabbe sattā sukhī hontu."
31524,lokāmisādhimutta,"evam'eva kho, sunakkhatta, ṭhānam'etaṃ vijjati yaṃ idh'ekacco purisapuggalo <b>lok'āmis'ādhimutto</b> assa."
31628,lomaṃ pāteti,"na sammā vattati, na <b>lomaṃ</b> <b>pāteti</b>, na netthāraṃ vattati, yena saṅgho attamano hoti taṃ karomī'ti n'āha."
50331,sakkatvā,"<b>sakkatvā</b> dhammaratanaṃ, osadhaṃ uttamaṃ varaṃ, pariḷāh'ūpasamanaṃ. dhammatejena sotthinā nassant'upaddavā sabbe, bhayā vūpasamentu te."
49866,sagāha 2,"yo taṃ rūpamayaṃ vegaṃ sahati, ayaṃ vuccati, bhikkhave, atari cakkhusamuddaṃ saūmiṃ sāvaṭṭaṃ <b>sagāhaṃ</b> sarakkhasaṃ."
49910,saggasaṃvattanika,tathārūpesu samaṇabrāhmaṇesu uddh'aggikaṃ dakkhiṇaṃ patiṭṭhāpeti sovaggikaṃ sukhavipākaṃ <b>saggasaṃvattanikaṃ</b>.
53540,saṅkaḍḍhati,"lesakappe pariyāye, parikappe'nudhāvitā.<br/>jīvik'atthā upāyena, <b>saṅkaḍḍhanti</b> bahuṃ dhanaṃ."
53545,saṅkama,"taṃ kiṃ maññasi, bhaddāli, idh'assa bhikkhu ubhatobhāgavimutto, tam'ahaṃ evaṃ vadeyyaṃ, ehi me tvaṃ, bhikkhu, paṅke <b>saṅkamo</b> hohī'ti"
53562,saṅkampi,ayañ'ca dasasahassī lokadhātu <b>saṅkampi</b> sampakampi sampavedhi appamāṇo ca oḷāro obhāso loke pāturahosi atikkamm'eva devānaṃ dev'ānubhāvaṃ.
53787,saṅkiliṭṭha,"yaṃkiñci sithilaṃ kammaṃ, <b>saṅkiliṭṭhañ</b>'ca yaṃ vataṃ, <br/>saṅkassaraṃ brahmacariyaṃ, na taṃ hoti mahapphalan'ti"
53783,saṅkilesika,saṅkiliṭṭha<b>saṅkilesikā</b> dhammā.<br/>asaṅkiliṭṭhasaṅkilesikā dhammā.<br/>asaṅkiliṭṭh'āsaṅkilesikā dhammā.
53661,saṅkhārakkhandha,"pañcakkhandhā, rūpakkhandho vedanākkhandho saññākkhandho <b>saṅkhārakkhandho</b> viññāṇakkhandho."
53359,saṅghakaraṇīya,"yāvakīvañ'ca bhikkhave bhikkhū samaggā sannipatissanti, samaggā vuṭṭhahissanti, samaggā <b>saṅghakaraṇīyāni</b> karissanti"
53438,saṅghuposatha,yāvatikā ca bhikkhū kammappattā <b>saṅgh'uposatha</b>arahā cattāro vā tato vā atirekā pakatattā pārājikaṃ anāpannā saṅghena vā anukkhittā.
49585,sacittapariyodapanā,"sabbapāpassa akaraṇaṃ, kusalass'ūpasampadā. <br/><b>sacittapariyodapanaṃ</b>, etaṃ buddhāna sāsanaṃ."
53490,sañjagghati,api ca kho mātugāmena saddhiṃ <b>sañjagghati</b> saṃkīḷati saṃkeḷāyati
53505,sañjaneti,sayaṃ samattaṃ karoti paripuṇṇaṃ karoti anomaṃ karoti aggaṃ seṭṭhaṃ visiṭṭhaṃ pāmokkhaṃ uttamaṃ pavaraṃ karoti janeti <b>sañjaneti</b> nibbatteti abhinibbattetī'ti
53848,saññākkhandha,"pañcakkhandhā, rūpakkhandho vedanākkhandho <b>saññākkhandho</b> saṅkhārakkhandho viññāṇakkhandho."
53914,saññāvedayita,"te ca h'āvuso, āyusaṅkhārā abhaviṃsu te vedaniyā dhammā, na'y'idaṃ <b>saññāvedayita</b>nirodhaṃ samāpannassa bhikkhuno vuṭṭhānaṃ paññāyetha."
54009,saññita,"saṅgho sukhett'ābhyatikhetta<b>saññito</b>, yo diṭṭhasanto sugat'ānubodhako, lolappahīno ariyo sumedhaso"
54032,saññoga,"nanu mayā, moghapurisa, anekapariyāyena virāgāya dhammo desito no sarāgāya, visaññogāya dhammo desito no <b>saññogāya</b>, anupādānāya dhammo desito no saupādānāya!"
54943,satipārisuddhi,"sukhassa ca pahānā dukkhassa ca pahānā, pubb'eva somanassadomanassānaṃ atthaṅ'gamā, adukkham'asukhaṃ upekkhā<b>satipārisuddhiṃ</b> catutthaṃ jhānaṃ upasampajja viharati."
55108,sattati,"yesaṃ <b>sattati</b> piyāni, <b>sattati</b> tesaṃ dukkhāni, <br/>yesaṃ saṭṭhi piyāni, saṭṭhi tesaṃ dukkhāni, <br/>yesaṃ paññāsaṃ piyāni, paññāsaṃ tesaṃ dukkhāni"
55063,sattannaṃ 1,"katā me rakkhā katā me parittā, paṭikkamantu bhūtāni.<br/>so'haṃ namo bhagavato, namo <b>sattannaṃ</b> sammāsambuddhānaṃ"
54989,sattabojjhaṅgā,cattāro satipaṭṭhānā bhāvitā bahulīkatā <b>sattabojjh'aṅge</b> paripūrenti.
55081,sattarasa 1,"idāni kho pana dvesahassapañcasatatesaṭṭhi saṃvaccharāni c'eva, navamāsāni ca, <b>sattarasa</b>divasāni atikkantāni."
55133,sattavīsati,"idāni kho pana dvesahassapañcasatatesaṭṭhi saṃvaccharāni c'eva, navamāsāni ca, <b>sattavīsati</b>divasāni atikkantāni."
55151,satthaka 1,"upakkhalitvā vā papateyyaṃ, bhattaṃ vā me bhuttaṃ byāpajjeyya, pittaṃ vā me kuppeyya, semhaṃ vā me kuppeyya, <b>satthakā</b> vā me vātā kuppeyyuṃ"
49594,sad,so taṃ dhammaṃ sutvā tathāgate <b>sad</b>dhaṃ paṭilabhati. so tena <b>sad</b>dhāpaṭilābhena samannāgato iti paṭisañcikkhati
49849,sadosa 2.1,asaṃvutaṃ hutvā osaramānaṃ kiles'uppattiyā kāraṇabhāvena <b>sadosa</b>gamanena gacchatī'ti samuddan'aṭṭhena'pi samuddo.
49708,saddhammamaññāya,"sabbhi'r'eva samāsetha,<br/>sabbhi kubbetha santhavaṃ,<br/>sataṃ <b>saddhammam'aññāya</b>,<br/>seyyo hoti na pāpiyo'ti."
49690,saddhādeyya,yathā vā pan'eke bhonto samaṇabrāhmaṇā <b>saddhādeyyāni</b> bhojanāni bhuñjitvā te evarūpaṃ tiracchānakathaṃ anuyuttā viharanti.
49722,saddhāpabbajita,alam'eva <b>saddhāpabbajitena</b> kulaputtena vīriyaṃ ārabhituṃ
49733,saddhāvimutta,"<b>saddhāvimutto</b>  idha ekacco puggalo ye te santā vimokkhā atikkamma rūpe āruppā te na kāyena phusitvā viharati, paññāya c'assa disvā ekacce āsavā parikkhīṇā honti, tathāgate c'assa saddhā niviṭṭhā hoti mūlajātā patiṭṭhitā."
49763,sadhamma,"tam'mayaṃ bhagavantaṃ <b>sadhammaṃ</b> sasaṅghaṃ, imehi sakkārehi yath'ārahaṃ āropitehi abhipūjayāma"
53474,sanidassana,<b>sanidassana</b>sappaṭighā dhammā. anidassanasappaṭighā dhammā. anidassan'āppaṭighā dhammā.
54088,santappati 2.1,"jīno rath'assaṃ maṇikuṇḍale ca, putte ca dāre ca that'eva jīno.<br/>sabbesu bhogesu asesitesu, kasmā na <b>santappasi</b> sokakāle."
54246,santīraṇa,diṭṭhamattaṃ nāma tatth'eva uppannaṃ sampaṭicchana<b>santīraṇa</b>voṭṭhabbanasaṅkhātaṃ cittattayaṃ.
53968,sannipātabahula,"yāvakīvañ'ca bhikkhave bhikkhū abhiṇhaṃ sannipātā bhavissanti <b>sannipātabahulā</b>, vuddhi'y'eva pāṭikaṅkhā no parihāni"
49380,sabbatthamaparājita,"et'ādisāni katvāna, <b>sabbattha'm'aparājitā</b>.<br/>sabbattha sotthiṃ gacchanti, taṃ tesaṃ maṅgalam'uttaman'ti."
49295,sabbapāpa,"<b>sabbapāpassa</b> akaraṇaṃ, kusalass'ūpasampadā. <br/>sacittapariyodapanaṃ, etaṃ buddhāna sāsanaṃ."
49451,sabhāva 2,"yathā hi cakkhuviññāṇaṃ rūpe rūpamattam'eva passati, na anicc'ādi<b>sabhāvaṃ</b>, evam'eva sesaṃ."
50916,samanantara 1,"hetupaccayo, ārammaṇapaccayo, adhipatipaccayo, anantarapaccayo, <b>samanantara</b>paccayo, sahajātapaccayo, aññam'aññapaccayo"
51118,samanupassamāna,"ye hi keci, bhikkhave, samaṇā vā brāhmaṇā vā anekavihitaṃ attānaṃ <b>samanupassamānā</b> samanupassanti, sabb'ete pañc'upādānakkhandhe samanupassanti, etesaṃ vā aññataraṃ."
50632,samācare,"na ca khuddaṃ <b>samācare</b> kiñci, yena viññū pare upavadeyyuṃ.<br/>sukhino vā khemino hontu, sabbe sattā bhavantu sukhit'attā."
50776,samādiyi,sambahulā bhikkhū santhatāni ujjhitvā āraññik'aṅgaṃ piṇḍapātik'aṅgaṃ paṃsukūlik'aṅgaṃ <b>samādiyiṃsu</b>
51559,sametta,pharitvāna mettaṃ <b>samettā</b> bhadantā avikkhittacittā parittaṃ bhaṇantu
52028,samosaṭa,yo taṃ rūpamayaṃ vegaṃ sahatī'ti yo taṃ cakkhusamudde <b>samosaṭaṃ</b> rūpamayaṃ vegaṃ
52118,sampakampi,ayañ'ca dasasahassī lokadhātu saṅkampi <b>sampakampi</b> sampavedhi appamāṇo ca oḷāro obhāso loke pāturahosi atikkamm'eva devānaṃ dev'ānubhāvaṃ.
52225,sampaṭicchana 1,diṭṭhamattaṃ nāma tatth'eva uppannaṃ <b>sampaṭicchana</b>santīraṇavoṭṭhabbanasaṅkhātaṃ cittattayaṃ.
52279,sampayutta,sukhāya vedanāya <b>sampayuttā</b> dhammā. dukkhāya vedanāya <b>sampayuttā</b> dhammā. adukkham'asukhāya vedanāya <b>sampayuttā</b> dhammā.
52262,sampavedhi,ayañ'ca dasasahassī lokadhātu saṅkampi sampakampi <b>sampavedhi</b> appamāṇo ca oḷāro obhāso loke pāturahosi atikkamm'eva devānaṃ dev'ānubhāvaṃ.
52063,sampādetuṃ,evaṃ hi vo bhikkhave sikkhitabbaṃ. att'atthaṃ vā hi bhikkhave sampassamānena alam'eva appamādena <b>sampādetuṃ</b>
51396,sambāhana,api ca kho mātugāmassa ucchādanaparimaddananhāpana<b>sambāhanaṃ</b> sādiyati.
51945,sammoditvā,ekadā dhammarājā pi gelaññen'ābhipīḷito cundattherena taññ'eva bhaṇāpetvāna sādaraṃ <b>sammoditvā</b> ca ābādhā tamhā vuṭṭhāsi ṭhānaso.
54556,saraṇamāgamma,"etaṃ kho saraṇaṃ khemaṃ, etaṃ saraṇam'uttamaṃ, <br/>etaṃ <b>saraṇam'āgamma,</b> sabbadukkhā pamuccati."
54676,sarīrabheda,"dumapphalānī'va patanti māṇavā, daharā ca vuḍḍhā ca <b>sarīrabhedā</b>. <br/>etam'pi disvā pabbajito'mhi rāja, apaṇṇakaṃ sāmaññam'eva seyyo."
54671,sarīra 2,puna caparaṃ bhikkhu seyyathā'pi passeyya <b>sarīraṃ</b> sivathikāya chaḍḍitaṃ ek'āhamataṃ vā dvī'hamataṃ vā tī'hamataṃ vā uddhumātakaṃ vinīlakaṃ vipubbakajātaṃ.
49944,sahajāta,"hetupaccayo, ārammaṇapaccayo, adhipatipaccayo, anantarapaccayo, samanantarapaccayo, <b>sahajāta</b>paccayo, aññam'aññapaccayo"
52744,saṃvacchara 1,"ek'ūnatiṃsatime <b>saṃvacchare</b> mah'ābhinikkhamanaṃ nikkhamitvā, chabbassāni mahāpadānaṃ padahitvā"
53487,sāṇipasibbaka,tena hi tvaṃ mahante mahante <b>sāṇipasibbake</b> kārāpetvā hiraññasuvaṇṇassa pūrāpetvā sakaṭehi nibbāhāpetvā majjhe gaṅgāya sote osādehi.
53468,sāṇi 1,tena hi tvaṃ mahante mahante <b>sāṇi</b>pasibbake kārāpetvā hiraññasuvaṇṇassa pūrāpetvā sakaṭehi nibbāhāpetvā majjhe gaṅgāya sote osādehi.
55152,sātthaka 1,"tattha, <b>sātthaka</b>sampajaññaṃ, sappāyasampajaññaṃ, gocarasampajaññaṃ, asammohasampajaññaṃ'ti catubbidhaṃ sampajaññaṃ."
49605,sādaraṃ,ekadā dhammarājā pi gelaññen'ābhipīḷito cundattherena taññ'eva bhaṇāpetvāna <b>sādaraṃ</b> sammoditvā ca ābādhā tamhā vuṭṭhāsi ṭhānaso.
54326,sāpateyya,"appamattako so kaliggaho yaṃ so akkhadhutto paṭhamen'eva kaliggahena puttam'pi jīyetha, dāram'pi jīyetha, sabbaṃ <b>sāpateyyam</b>'pi jīyetha, uttari'pi adhibandhaṃ nigaccheyya."
54340,sāpekkha,"yāvakīvañ'ca bhikkhave bhikkhū āraññakesu sen'āsanesu <b>sāpekkhā</b> bhavissanti, vuddhi'y'eva pāṭikaṅkhā no parihāni"
50902,sāmaṇaka,atha kho vesālikā vajjiputtakā bhikkhū taṃ <b>sāmaṇakaṃ</b> parikkhāraṃ ādāya nāvāya sahajātiṃ ujjaviṃsu
51625,sāmīcipaṭipanna,supaṭipanno bhagavato sāvakasaṅgho ujupaṭipanno bhagavato sāvakasaṅgho ñāyapaṭipanno bhagavato sāvakasaṅgho <b>sāmīcipaṭipanno</b> bhagavato sāvakasaṅgho
55433,sāyanhasamaya,"gopālako <b>sāyanhasamaye</b> sāmikānaṃ gāvo niyyātetvā iti paṭisañcikkhati, ajja kho gāvo amukasmiñ'ca amukasmiñ'ca padese cariṃsu"
54490,sārada 2,"yān'imāni apatthāni, alābūn'eva <b>sārade</b>,<br/>kāpotakāni aṭṭhīni, tāni disvāna kā rati."
55345,sāvaṭṭa,"yo taṃ rūpamayaṃ vegaṃ sahati, ayaṃ vuccati, bhikkhave, atari cakkhusamuddaṃ saūmiṃ <b>sāvaṭṭaṃ</b> sagāhaṃ sarakkhasaṃ."
55390,sāvudha,"bāhuṃ sahassam'abhinimmita <b>sāvudhan</b>'taṃ, grīmekhalaṃ uditaghorasasenamāraṃ, dān'ādidhammavidhinā jitavā mun'indo, tan'tejasā bhavatu te jayamaṅgalāni"
55795,siddhi 2,ettāvatā ca amhehi sambhataṃ puññasampadaṃ sabbe devā anumodantu sabbasampatti<b>siddhiyā</b>.
56204,siniddha 3,"tato pāsādikaṃ āsi, gataṃ bhuttaṃ nisevitaṃ.<br/><b>siniddhā</b> teladhārā'va, ahosi iriyāpatho."
56237,sirasā,tam'ahaṃ bhagavantaṃ abhipūjayāmi<br/>tam'ahaṃ bhagavantaṃ <b>sirasā</b> namāmi
55984,sīlabyasana,"ñātibyasanena vā phuṭṭhassa, bhogabyasanena vā phuṭṭhassa, rogabyasanena vā phuṭṭhassa, <b>sīlabyasanena</b> vā phuṭṭhassa, diṭṭhibyasanena vā phuṭṭhassa"
56008,sīlamaya,"kusalā cetanā kām'āvacarā rūp'āvacarā dānamayā <b>sīlamayā</b> bhāvanāmayā, ayaṃ vuccati puññ'ābhisaṅkhāro."
56289,sīsacchejja,"tatr'aññatarassa thalaṭṭhassa purisassa evam'assa, pāpakaṃ vata, bho, ayaṃ puriso kammaṃ akāsi gārayhaṃ <b>sīsacchejjaṃ</b>."
57367,sukkapakkha 1,"ayaṃ vasabhasaṃvacchare hem'antautu. asmiṃ utumhi māghamāsassa <b>sukkapakkhe</b> catutthaṃ, ravivāram'idan'ti daṭṭhabbaṃ."
57097,sugatappavedita,dhammo ca desito niyyāniko upasamiko parinibbāniko sambodhagāmī <b>sugatappavedito</b>
56938,sucira,sādhu no bhante bhagavā <b>sucira</b>parinibbuto'pi pacchimājanat'ānukampamānasā
57132,sujā 1.1,"māno hi te brāhmaṇa khāribhāro, kodho dhūmo bhasmani mosavajjaṃ. <br/>jivhā <b>sujā</b> hadayaṃ jotiṭhānaṃ, attā sudanto purisassa joti."
57576,suññatāpaṭisaṃyutta,"ye te sutt'antā tathāgatabhāsitā gambhīrā gambhīr'atthā lok'uttarā <b>suññatappaṭisaṃyuttā</b>, tesu bhaññamānesu na sussūsissanti na sotaṃ odahissanti"
56975,sudaṭṭha,"duggāhadiṭṭhibhujagena <b>sudaṭṭha</b>hatthaṃ, brahmaṃ visuddhijutim'iddhibak'ābhidhānaṃ, ñāṇāgadena vidhinā jitavā mun'indo"
56961,sudāruṇa,"nāḷāgiriṃ gajavaraṃ atimattabhūtaṃ, dāv'aggicakkam'asanī'va, <b>sudāruṇan</b>'taṃ, mett'ambusekavidhinā jitavā mun'indo."
57527,sunikhāta,"seyyathā'pi rañño paccantime nagare esikā hoti gambhīranemā <b>sunikhātā</b> acalā asampavedhī abbhantarānaṃ guttiyā bāhirānaṃ paṭighātāya. evam'evaṃ kho ariyasāvako saddho hoti, saddahati tathāgatassa bodhiṃ"
57639,supatiṭṭhita 1,"ayañ'ca kho dakkhiṇā dinnā, saṅghamhi <b>suppatiṭṭhitā</b>. dīgharattaṃ hitāy'assa, ṭhānaso upakappati."
57592,supabhāta,"sunakkhattaṃ sumaṅgalaṃ, <b>supabhātaṃ</b> suvuṭṭhitaṃ. sukhaṇo sumuhutto ca, suyiṭṭhaṃ brahmacārisu."
57411,sulabhati,"iminā puññakammena, iminā uddissena ca khipp'āhaṃ <b>sulabhe</b> c'eva taṇh'ūpādānachedanaṃ."
57947,susuddha,"buddho <b>susuddho</b> karuṇāmah'aṇṇavo, yo'ccantasuddhabbarañāṇalocano, lokassa pāp'ūpakilesaghātako"
57946,susu 2,"ahi āviñcheyya vammikaṃ pavekkhāmī'ti, <b>susu</b>māro āviñcheyya udakaṃ pavekkhāmī'ti, pakkhī āviñcheyya ākāsaṃ ḍessāmī'ti"
57129,suhuju,"karaṇīyam'atthakusalena, yaṃ taṃ santaṃ padaṃ abhisamecca:<br/>sakko ujū ca <b>suhujū</b> ca, suvaco c'assa mudu, anatimānī."
56949,sūcivāṇijaka,"atha kho āyasmā mahākassapo āyasmantaṃ ānandaṃ etad'avoca, kiṃ nu kho, āvuso ānanda, ahaṃ sūcivāṇijako, tvaṃ sūcikāro, udāhu ahaṃ sūcikāro, tvaṃ <b>sūcivāṇijako</b>'ti?"
55490,seka,"nāḷāgiriṃ gajavaraṃ atimattabhūtaṃ, dāv'aggicakkam'asanī'va, sudāruṇan'taṃ, mett'ambu<b>seka</b>vidhinā jitavā mun'indo."
55556,senāsanagilānappaccaya,yesaṃ mayaṃ paribhuñjāma cīvarapiṇḍapāta<b>sen'āsanagilānappaccaya</b>bhesajjaparikkhāraṃ tesaṃ te kārā amhesu mahapphalā bhavissanti mah'ānisaṃsā'ti
56508,sokanāsana,"ye ca atītā sambuddhā, ye ca buddhā anāgatā. <br/>yo c'eta'r'ahi sambuddho, bahunnaṃ <b>sokanāsano</b>."
56521,sokasalla,"cetaso parijjhāyanā domanassaṃ <b>sokasallaṃ</b>, ayaṃ vuccati soko."
56582,soṇa 3,"ime kho, bhikkhave, dve sukkā dhammā lokaṃ na pāleyyuṃ, na'y'idha paññāyetha mātā'ti vā mātucchā'ti vā mātulānī'ti vā ācariyabhariyā'ti vā garūnaṃ dārā'ti vā. sambhedaṃ loko agamissa, yathā ajeḷakā kukkuṭasūkarā <b>soṇa</b>siṅgālā."
56767,sovaggika,tathārūpesu samaṇabrāhmaṇesu uddh'aggikaṃ dakkhiṇaṃ patiṭṭhāpeti <b>sovaggikaṃ</b> sukhavipākaṃ saggasaṃvattanikaṃ.
64934,vaṅka 1,āsītikaṃ vā nāvutikaṃ vā vassasatikaṃ vā jātiyā jiṇṇaṃ gopānasi<b>vaṅkaṃ</b> bhoggaṃ daṇḍaparāyaṇaṃ pavedhamānaṃ gacchantaṃ
64314,vacīsañcetanā,"tattha katamo kāyasaṅkhāro? kāyasañcetanā kāyasaṅkhāro, <b>vacīsañcetanā</b> vacīsaṅkhāro, manosañcetanā cittasaṅkhāro."
64591,vajjetabba,gahaṭṭhapaṇḍak'ādayo ekavīsati vajjanīyā puggalā hatthapāsato bahikaraṇavasena <b>vajjetabbā</b>. te asmiṃ na honti.
64876,vañcanika,"nekatikā <b>vañcanikā</b>, kūṭasakkhī apāṭukā.<br/>bahūhi parikappehi, āmisaṃ paribhuñjare."
64382,vaḍḍhaka,"āyu<b>vaḍḍhako</b>, dhana<b>vaḍḍhako</b>, siri<b>vaḍḍhako</b>, yasa<b>vaḍḍhako</b>, bala<b>vaḍḍhako</b>, vaṇṇa<b>vaḍḍhako</b>, sukha<b>vaḍḍhako</b> hotu sabbadā"
64410,vaḍḍhi 3,"yam'pi, bhikkhave, daliddo assako anāḷhiko iṇaṃ ādiyitvā <b>vaḍḍhiṃ</b> paṭissuṇāti, <b>vaḍḍhi</b>'pi, bhikkhave, dukkhā lokasmiṃ kāmabhogino'ti?"
65489,vattanta,"saddhassa, bhikkhave, sāvakassa satthusāsane pariyogāya <b>vattato</b> rumhaniyaṃ satthusāsanaṃ hoti ojavantaṃ."
65517,vatteti 2,"udar'āvadehakaṃ bhutvā, sayant'uttānaseyyakā.<br/>kathaṃ <b>vattenti</b> paṭibuddhā, yā kathā satthugarahitā."
65576,vatthuttaya,namo omak'ātītassa tassa <b>vatthuttayassa</b>'pi. namokārappabhāvena vigacchantu upaddavā.
65556,vatthu 8,"bhavasātabaddhā'ti. ekaṃ bhavasātaṃ, sukhā vedanā. dve bhavasātāni, sukhā ca vedanā iṭṭhañ'ca <b>vatthu</b>. tīṇi bhavasātāni, yobbaññaṃ, ārogyaṃ, jīvitaṃ."
64352,vadaññutā,so kalyāṇamitto samāno bhabbo assaddhiyaṃ pahātuṃ a'<b>vadaññutaṃ</b> pahātuṃ kosajjaṃ pahātuṃ.
64898,vandayata,icc'evam'ek'anta-abhipūjaneyyakaṃ vatthuttayaṃ <b>vandayat</b>'ābhisaṅkhataṃ
65198,vasana 2.1,satto'ti laggo. guhāyan'ti kāye. kāyo hi rāg'ādīnaṃ vāḷānaṃ <b>vasan'</b>okāsato guhā'ti vuccati.
65287,vasitvā,"pañcacattāḷisasaṃvaccharāni <b>vasitvā</b>, sappasaṃvacchare, vesākhapuṇṇamiyaṃ bhummavāre parinibbāyi."
65231,vasena 1,evaṃ utuācikkhanaṃ. utūn'īdha pana sāsane hem'antagimhavassānānaṃ <b>vasena</b> tīṇi honti.
65358,vassūpagata,aññatarasmiṃ āvāse <b>vass'ūpagatānaṃ</b> bhikkhūnaṃ gāmo corehi vuṭṭhāsi.
64504,vaha 2,"idaṃ me puññaṃ āsavakkhayā<b>vahaṃ</b> hotu, idaṃ me puññaṃ nibbānassa paccayo hotu"
64192,vācana,"etā pi buddhajayamaṅgalaaṭṭhagāthā, yo <b>vācano</b> dinadine sarate'm'atandī, hitvān'anekavividhāni c'upaddavāni, mokkhaṃ sukhaṃ adhigameyya naro sapañño"
64188,vācākamma,"padakkhiṇaṃ kāyakammaṃ, <b>vācākammaṃ</b> padakkhiṇaṃ, padakkhiṇaṃ manokammaṃ paṇīdhi te padakkhiṇe. padakkhiṇāni katvāna, labhant'atthe padakkhiṇe."
65241,vāseṭṭha 2,ekaṃ samayaṃ bhagavā vesāliyaṃ viharati mahāvane kūṭāgārasālāyaṃ. atha kho <b>vāseṭṭho</b> upāsako yena bhagavā tenupasaṅkami.
67038,vikkhittacitta,so <b>vikkhittacitto</b> samāno abhabbo ayonisomanasikāraṃ pahātuṃ kummaggasevanaṃ pahātuṃ cetaso līnattaṃ pahātuṃ.
66526,vigatamiddha,"tiṭṭhañ'caraṃ, nisinno vā, sayāno vā, yāvat'assa <b>vigatamiddho</b>,<br/>etaṃ satiṃ adhiṭṭheyya, brahmam'etaṃ vihāraṃ idha'm'āhu."
66326,vicikicchita,"sahā'v'assa dassanasampadāya, taya'ssu dhammā jahitā bhavanti. <br/>sakkāyadiṭṭhi <b>vicikicchitañ</b>'ca, sīlabbataṃ vā pi yad'atthi kiñci."
67577,viññāṇakkhandha,"pañcakkhandhā, rūpakkhandho vedanākkhandho saññākkhandho saṅkhārakkhandho <b>viññāṇakkhandho</b>."
66434,vidhinā,"bāhuṃ sahassam'abhinimmita sāvudhan'taṃ, grīmekhalaṃ uditaghorasasenamāraṃ, dān'ādidhamma<b>vidhinā</b> jitavā mun'indo, tan'tejasā bhavatu te jayamaṅgalāni"
66431,vidhi 1,namokār'ānubhāvena suvatthi hotu sabbadā. namokārassa tejena <b>vidhimhi</b> homi tejavā
67519,vinimocayanta,"yo cakkhumā mohamal'āpakaṭṭho, sāmaṃ va buddho sugato vimutto, mārassa pāsā <b>vinimocayanto</b>, pāpesi khemaṃ janataṃ vineyyaṃ"
67554,vinivijjhana,sattisūl'ūpamā kāmā <b>vinivijjhan'</b>aṭṭhenā'ti passanto vikkhambhanato kāme parivajjeti
67469,vineyya 3,"yo cakkhumā mohamal'āpakaṭṭho, sāmaṃ va buddho sugato vimutto, mārassa pāsā vinimocayanto, pāpesi khemaṃ janataṃ <b>vineyyaṃ</b>"
67725,vipākī,"na hi dhammo adhammo ca, ubho sama<b>vipākino</b>.<br/>adhammo nirayaṃ neti, dhammo pāpeti suggatiṃ."
67909,vippayutta 1,"jhānapaccayo, maggapaccayo, sampayuttapaccayo, <b>vippayutta</b>paccayo, atthipaccayo, n'atthipaccayo, vigatapaccayo, avigatapaccayo."
67874,vippariṇāmadhamma,"na dīgham'āyuṃ labhate dhanena, na c'āpi vittena jaraṃ vihanti. <br/>appaṃ h'idaṃ jīvitam'āhu dhīrā, asassataṃ <b>vippariṇāmadhammaṃ</b>."
67864,vippalāpa,"ādevitattaṃ paridevitattaṃ palāpo <b>vippalāpo</b> lālappo lālappanā lālappitattaṃ, ayaṃ vuccati paridevo."
66228,vibhūta 2,yaṃ viditvā sato caran'ti yaṃ viditaṃ katvā tulayitvā tīrayitvā vibhāvayitvā <b>vibhūtaṃ</b> katvā.
71134,viraha 4,"evaṃ rāg'ādi<b>virahena</b> cakkhuviññāṇamattam'eva me javanaṃ bhavissati, cakkhuviññāṇ'appamāṇen'eva javanaṃ ṭhapessāmī'ti."
67987,virāgūpasama,"agge dhamme pasannānaṃ, <b>virāg'ūpasame</b> sukhe. agge saṅghe pasannānaṃ, puññakkhette anuttare."
68066,viriya,bojjh'aṅgo satisaṅkhāto dhammānaṃ vicayo tathā <b>viriyam</b>'pītipassaddhi bojjh'aṅgā ca tathā'pare samādh'upekkhabojjh'aṅgā.
68091,viriyavant,yattha jāto bhave bhave ujucitto satipañño sallekho <b>viriyavā</b>'minā.
68145,virūparūpena,"kāmā hi citrā madhurā manoramā, <b>virūparūpena</b> mathenti cittaṃ.<br/>ādīnavaṃ kāmaguṇesu disvā, tasmā ahaṃ pabbajito'mhi rāja."
67168,vilokana,catūhi mahādevarājūhi kat'āradhanaṃ paṭicca pañca mahā<b>vilokane</b> viloketvā
67174,viloketvā,catūhi mahādevarājūhi kat'āradhanaṃ paṭicca pañca mahāvilokane <b>viloketvā</b>
68385,visiṭṭha,sayaṃ samattaṃ karoti paripuṇṇaṃ karoti anomaṃ karoti aggaṃ seṭṭhaṃ <b>visiṭṭhaṃ</b> pāmokkhaṃ uttamaṃ pavaraṃ karoti.
68537,visūka 2,diṭṭhigataṃ diṭṭhigahanaṃ diṭṭhikantāraṃ diṭṭhi<b>visūkaṃ</b> diṭṭhivipphanditaṃ diṭṭhisaṃyojanaṃ.
68343,visesādhigama,na oramattakena <b>vises'ādhigamena</b> antarāvosānaṃ āpajjissanti
68471,vissara,"atha kho so bhikkhu vihāraṃ pavisissāmī'ti kavāṭaṃ paṇāmento addasa sabbaṃ vihāraṃ ahinā puṇṇaṃ, vātapānehi bhoge nikkhante, disvāna bhīto <b>vissaram</b>'akāsi."
68810,vivajjati,"sabb'ītiyo <b>vivajjantu</b>, sabbarogo vinassatu, mā te bhavatv'antarāyo, sukhī dīgh'āyuko bhava."
68932,vividha 2,tena kho pana samayena satta ca jaṭilā satta ca nigaṇṭhā satta ca acelakā satta ca ekasāṭakā satta ca paribbājakā parūḷhakacchanakhalomā khāri<b>vividham</b>'ādāya bhagavato avidūre atikkamanti.
66602,vihanti,"na dīgham'āyuṃ labhate dhanena, na c'āpi vittena jaraṃ <b>vihanti</b>.<br/>appaṃ h'idaṃ jīvitam'āhu dhīrā, asassataṃ vippariṇāmadhammaṃ."
67232,vīmaṃsī,"ete ca ñatvā upanissitā'ti, ñatvā munī nissaye so <b>vimaṃsī</b>,<br/>ñatvā vimutto na vivādam'eti, bhav'ābhavāya na sameti dhīro'ti."
68299,vīsativassa 1,"yo pana bhikkhu jānaṃ ūna<b>vīsativassaṃ</b> puggalaṃ upasampādeyya, so ca puggalo anupasampanno te ca bhikkhū gārayhā, idaṃ tasmiṃ, pācittiyaṃ."
69139,vūpasammati 2,"tassa kho evaṃ, bhaddāli, bhikkhuno bhikkhū tathā tathā upaparikkhanti yath'āss'idaṃ adhikaraṇaṃ na khippam'eva <b>vūpasammati</b>."
66079,veṭhita 2,na <b>veṭhita</b>sīsassa agilānassa dhammaṃ desessāmī'ti sikkhā karaṇīyā.
65753,vedanākkhandha,"pañcakkhandhā, rūpakkhandho <b>vedanākkhandho</b> saññākkhandho saṅkhārakkhandho viññāṇakkhandho."
66014,verika 1,"brahmamārā ca indā ca lokapālā ca devatā, yamo, mittā manussā ca majjhattā <b>verikā</b>'pi ca, sabbe sattā sukhī hontu."
66025,vesākha,pañcatiṃsatime saṃvacchare <b>vesākha</b>puṇṇamiyaṃ sammā sambodhiṃ abhisambujjhitvā
24394,hirikopīnapaṭicchādanatthaṃ,paṭisaṅkhā yoniso cīvaraṃ paṭisevāmi yāva'd'eva sītassa paṭighātāya uṇhassa paṭighātāya ḍaṃsamakasavāt'ātapasiriṃsapasamphassānaṃ paṭighātāya yāva'd'eva <b>hirikopīnapaṭicchādan'atthaṃ</b>
24324,hiṃsā,"na brāhmaṇass'etad'akiñci seyyo, yadā nisedho manaso piyehi,<br/>yato yato <b>hiṃsa</b>mano nivattati, tato tato sammati'm'eva dukkhaṃ."
24479,hurā huraṃ 1,"manujassa pamattacārino, taṇhā vaḍḍhati māluvā viya,<br/>so plavatī <b>hurā</b> <b>huraṃ</b>, phalam'icchaṃ'va vanasmi vānaro."
24279,hetuka,dassanena pahātabba<b>hetukā</b> dhammā. bhāvanāya pahātabba<b>hetukā</b> dhammā. n'eva dassanena na bhāvanāya pahātabbahetukā dhammā
71016,homa 2.2,"alaṃ, āvuso, mā socittha, mā paridevittha, sumuttā mayaṃ tena mahāsamaṇena. upaddutā ca <b>homa</b>, idaṃ vo kappati, idaṃ vo na kappatī'ti."
